우선순위,유형,마감,프레임 색상,간살,안전창 디자인,손잡이,키(skuImages용),파일명(권장)
1,3연동,도장,화이트,민자,투명,기본형,3연동_paint_white_none_clear_none,assets/sku/diy-door-3연동-도장화이트-민자-투명-기본형.png
1,원슬라이딩,도장,화이트,민자,투명,기본형,원슬라이딩_paint_white_none_clear_none,assets/sku/diy-door-원슬라이딩-도장화이트-민자-투명-기본형.png
1,스윙폴딩,도장,화이트,민자,투명,기본형,스윙폴딩_paint_white_none_clear_none,assets/sku/diy-door-스윙폴딩-도장화이트-민자-투명-기본형.png
1,여닫이,도장,화이트,민자,투명,기본형,여닫이_paint_white_none_clear_none,assets/sku/diy-door-여닫이-도장화이트-민자-투명-기본형.png
2,3연동,도장,화이트,민자,투명,원형,3연동_paint_white_none_clear_circle,assets/sku/diy-door-3연동-도장화이트-민자-투명-원형.png
2,3연동,도장,화이트,민자,투명,일자형,3연동_paint_white_none_clear_bar,assets/sku/diy-door-3연동-도장화이트-민자-투명-일자형.png
2,3연동,도장,화이트,민자,브론즈,기본형,3연동_paint_white_none_bronze_none,assets/sku/diy-door-3연동-도장화이트-민자-브론즈-기본형.png
2,3연동,도장,화이트,민자,모루,기본형,3연동_paint_white_none_moru_none,assets/sku/diy-door-3연동-도장화이트-민자-모루-기본형.png
2,3연동,도장,화이트,민자,미스트,기본형,3연동_paint_white_none_mist_none,assets/sku/diy-door-3연동-도장화이트-민자-미스트-기본형.png
2,3연동,도장,화이트,민자,패브릭,기본형,3연동_paint_white_none_fabric_none,assets/sku/diy-door-3연동-도장화이트-민자-패브릭-기본형.png
2,3연동,도장,화이트,가로통간살,투명,기본형,3연동_paint_white_horizontal_clear_none,assets/sku/diy-door-3연동-도장화이트-가로통간살-투명-기본형.png
2,3연동,도장,화이트,세로통간살,투명,기본형,3연동_paint_white_vertical_clear_none,assets/sku/diy-door-3연동-도장화이트-세로통간살-투명-기본형.png
2,3연동,도장,화이트,아치형,투명,기본형,3연동_paint_white_arch_clear_none,assets/sku/diy-door-3연동-도장화이트-아치형-투명-기본형.png
2,3연동,도장,그레이,민자,투명,기본형,3연동_paint_gray_none_clear_none,assets/sku/diy-door-3연동-도장그레이-민자-투명-기본형.png
2,3연동,도장,블랙,민자,투명,기본형,3연동_paint_black_none_clear_none,assets/sku/diy-door-3연동-도장블랙-민자-투명-기본형.png
2,3연동,필름,화이트,민자,투명,기본형,3연동_film_white_none_clear_none,assets/sku/diy-door-3연동-필름화이트-민자-투명-기본형.png
2,3연동,필름,그레이,민자,투명,기본형,3연동_film_gray_none_clear_none,assets/sku/diy-door-3연동-필름그레이-민자-투명-기본형.png
2,3연동,필름,블랙,민자,투명,기본형,3연동_film_black_none_clear_none,assets/sku/diy-door-3연동-필름블랙-민자-투명-기본형.png
2,원슬라이딩,도장,화이트,민자,투명,원형,원슬라이딩_paint_white_none_clear_circle,assets/sku/diy-door-원슬라이딩-도장화이트-민자-투명-원형.png
2,원슬라이딩,도장,화이트,민자,투명,일자형,원슬라이딩_paint_white_none_clear_bar,assets/sku/diy-door-원슬라이딩-도장화이트-민자-투명-일자형.png
2,원슬라이딩,도장,화이트,민자,브론즈,기본형,원슬라이딩_paint_white_none_bronze_none,assets/sku/diy-door-원슬라이딩-도장화이트-민자-브론즈-기본형.png
2,원슬라이딩,도장,화이트,민자,모루,기본형,원슬라이딩_paint_white_none_moru_none,assets/sku/diy-door-원슬라이딩-도장화이트-민자-모루-기본형.png
2,원슬라이딩,도장,화이트,민자,미스트,기본형,원슬라이딩_paint_white_none_mist_none,assets/sku/diy-door-원슬라이딩-도장화이트-민자-미스트-기본형.png
2,원슬라이딩,도장,화이트,민자,패브릭,기본형,원슬라이딩_paint_white_none_fabric_none,assets/sku/diy-door-원슬라이딩-도장화이트-민자-패브릭-기본형.png
2,원슬라이딩,도장,화이트,가로통간살,투명,기본형,원슬라이딩_paint_white_horizontal_clear_none,assets/sku/diy-door-원슬라이딩-도장화이트-가로통간살-투명-기본형.png
2,원슬라이딩,도장,화이트,세로통간살,투명,기본형,원슬라이딩_paint_white_vertical_clear_none,assets/sku/diy-door-원슬라이딩-도장화이트-세로통간살-투명-기본형.png
2,원슬라이딩,도장,화이트,아치형,투명,기본형,원슬라이딩_paint_white_arch_clear_none,assets/sku/diy-door-원슬라이딩-도장화이트-아치형-투명-기본형.png
2,원슬라이딩,도장,그레이,민자,투명,기본형,원슬라이딩_paint_gray_none_clear_none,assets/sku/diy-door-원슬라이딩-도장그레이-민자-투명-기본형.png
2,원슬라이딩,도장,블랙,민자,투명,기본형,원슬라이딩_paint_black_none_clear_none,assets/sku/diy-door-원슬라이딩-도장블랙-민자-투명-기본형.png
2,원슬라이딩,필름,화이트,민자,투명,기본형,원슬라이딩_film_white_none_clear_none,assets/sku/diy-door-원슬라이딩-필름화이트-민자-투명-기본형.png
2,원슬라이딩,필름,그레이,민자,투명,기본형,원슬라이딩_film_gray_none_clear_none,assets/sku/diy-door-원슬라이딩-필름그레이-민자-투명-기본형.png
2,원슬라이딩,필름,블랙,민자,투명,기본형,원슬라이딩_film_black_none_clear_none,assets/sku/diy-door-원슬라이딩-필름블랙-민자-투명-기본형.png
2,스윙폴딩,도장,화이트,민자,투명,원형,스윙폴딩_paint_white_none_clear_circle,assets/sku/diy-door-스윙폴딩-도장화이트-민자-투명-원형.png
2,스윙폴딩,도장,화이트,민자,투명,일자형,스윙폴딩_paint_white_none_clear_bar,assets/sku/diy-door-스윙폴딩-도장화이트-민자-투명-일자형.png
2,스윙폴딩,도장,화이트,민자,브론즈,기본형,스윙폴딩_paint_white_none_bronze_none,assets/sku/diy-door-스윙폴딩-도장화이트-민자-브론즈-기본형.png
2,스윙폴딩,도장,화이트,민자,모루,기본형,스윙폴딩_paint_white_none_moru_none,assets/sku/diy-door-스윙폴딩-도장화이트-민자-모루-기본형.png
2,스윙폴딩,도장,화이트,민자,미스트,기본형,스윙폴딩_paint_white_none_mist_none,assets/sku/diy-door-스윙폴딩-도장화이트-민자-미스트-기본형.png
2,스윙폴딩,도장,화이트,민자,패브릭,기본형,스윙폴딩_paint_white_none_fabric_none,assets/sku/diy-door-스윙폴딩-도장화이트-민자-패브릭-기본형.png
2,스윙폴딩,도장,화이트,가로통간살,투명,기본형,스윙폴딩_paint_white_horizontal_clear_none,assets/sku/diy-door-스윙폴딩-도장화이트-가로통간살-투명-기본형.png
2,스윙폴딩,도장,화이트,세로통간살,투명,기본형,스윙폴딩_paint_white_vertical_clear_none,assets/sku/diy-door-스윙폴딩-도장화이트-세로통간살-투명-기본형.png
2,스윙폴딩,도장,화이트,아치형,투명,기본형,스윙폴딩_paint_white_arch_clear_none,assets/sku/diy-door-스윙폴딩-도장화이트-아치형-투명-기본형.png
2,스윙폴딩,도장,그레이,민자,투명,기본형,스윙폴딩_paint_gray_none_clear_none,assets/sku/diy-door-스윙폴딩-도장그레이-민자-투명-기본형.png
2,스윙폴딩,도장,블랙,민자,투명,기본형,스윙폴딩_paint_black_none_clear_none,assets/sku/diy-door-스윙폴딩-도장블랙-민자-투명-기본형.png
2,스윙폴딩,필름,화이트,민자,투명,기본형,스윙폴딩_film_white_none_clear_none,assets/sku/diy-door-스윙폴딩-필름화이트-민자-투명-기본형.png
2,스윙폴딩,필름,그레이,민자,투명,기본형,스윙폴딩_film_gray_none_clear_none,assets/sku/diy-door-스윙폴딩-필름그레이-민자-투명-기본형.png
2,스윙폴딩,필름,블랙,민자,투명,기본형,스윙폴딩_film_black_none_clear_none,assets/sku/diy-door-스윙폴딩-필름블랙-민자-투명-기본형.png
2,여닫이,도장,화이트,민자,투명,원형,여닫이_paint_white_none_clear_circle,assets/sku/diy-door-여닫이-도장화이트-민자-투명-원형.png
2,여닫이,도장,화이트,민자,투명,일자형,여닫이_paint_white_none_clear_bar,assets/sku/diy-door-여닫이-도장화이트-민자-투명-일자형.png
2,여닫이,도장,화이트,민자,브론즈,기본형,여닫이_paint_white_none_bronze_none,assets/sku/diy-door-여닫이-도장화이트-민자-브론즈-기본형.png
2,여닫이,도장,화이트,민자,모루,기본형,여닫이_paint_white_none_moru_none,assets/sku/diy-door-여닫이-도장화이트-민자-모루-기본형.png
2,여닫이,도장,화이트,민자,미스트,기본형,여닫이_paint_white_none_mist_none,assets/sku/diy-door-여닫이-도장화이트-민자-미스트-기본형.png
2,여닫이,도장,화이트,민자,패브릭,기본형,여닫이_paint_white_none_fabric_none,assets/sku/diy-door-여닫이-도장화이트-민자-패브릭-기본형.png
2,여닫이,도장,화이트,가로통간살,투명,기본형,여닫이_paint_white_horizontal_clear_none,assets/sku/diy-door-여닫이-도장화이트-가로통간살-투명-기본형.png
2,여닫이,도장,화이트,세로통간살,투명,기본형,여닫이_paint_white_vertical_clear_none,assets/sku/diy-door-여닫이-도장화이트-세로통간살-투명-기본형.png
2,여닫이,도장,화이트,아치형,투명,기본형,여닫이_paint_white_arch_clear_none,assets/sku/diy-door-여닫이-도장화이트-아치형-투명-기본형.png
2,여닫이,도장,그레이,민자,투명,기본형,여닫이_paint_gray_none_clear_none,assets/sku/diy-door-여닫이-도장그레이-민자-투명-기본형.png
2,여닫이,도장,블랙,민자,투명,기본형,여닫이_paint_black_none_clear_none,assets/sku/diy-door-여닫이-도장블랙-민자-투명-기본형.png
2,여닫이,필름,화이트,민자,투명,기본형,여닫이_film_white_none_clear_none,assets/sku/diy-door-여닫이-필름화이트-민자-투명-기본형.png
2,여닫이,필름,그레이,민자,투명,기본형,여닫이_film_gray_none_clear_none,assets/sku/diy-door-여닫이-필름그레이-민자-투명-기본형.png
2,여닫이,필름,블랙,민자,투명,기본형,여닫이_film_black_none_clear_none,assets/sku/diy-door-여닫이-필름블랙-민자-투명-기본형.png
3,3연동,도장,화이트,민자,브론즈,원형,3연동_paint_white_none_bronze_circle,assets/sku/diy-door-3연동-도장화이트-민자-브론즈-원형.png
3,3연동,도장,화이트,민자,브론즈,일자형,3연동_paint_white_none_bronze_bar,assets/sku/diy-door-3연동-도장화이트-민자-브론즈-일자형.png
3,3연동,도장,화이트,민자,모루,원형,3연동_paint_white_none_moru_circle,assets/sku/diy-door-3연동-도장화이트-민자-모루-원형.png
3,3연동,도장,화이트,민자,모루,일자형,3연동_paint_white_none_moru_bar,assets/sku/diy-door-3연동-도장화이트-민자-모루-일자형.png
3,3연동,도장,화이트,민자,미스트,원형,3연동_paint_white_none_mist_circle,assets/sku/diy-door-3연동-도장화이트-민자-미스트-원형.png
3,3연동,도장,화이트,민자,미스트,일자형,3연동_paint_white_none_mist_bar,assets/sku/diy-door-3연동-도장화이트-민자-미스트-일자형.png
3,3연동,도장,화이트,민자,패브릭,원형,3연동_paint_white_none_fabric_circle,assets/sku/diy-door-3연동-도장화이트-민자-패브릭-원형.png
3,3연동,도장,화이트,민자,패브릭,일자형,3연동_paint_white_none_fabric_bar,assets/sku/diy-door-3연동-도장화이트-민자-패브릭-일자형.png
3,3연동,도장,화이트,가로통간살,투명,원형,3연동_paint_white_horizontal_clear_circle,assets/sku/diy-door-3연동-도장화이트-가로통간살-투명-원형.png
3,3연동,도장,화이트,가로통간살,투명,일자형,3연동_paint_white_horizontal_clear_bar,assets/sku/diy-door-3연동-도장화이트-가로통간살-투명-일자형.png
3,3연동,도장,화이트,가로통간살,브론즈,기본형,3연동_paint_white_horizontal_bronze_none,assets/sku/diy-door-3연동-도장화이트-가로통간살-브론즈-기본형.png
3,3연동,도장,화이트,가로통간살,모루,기본형,3연동_paint_white_horizontal_moru_none,assets/sku/diy-door-3연동-도장화이트-가로통간살-모루-기본형.png
3,3연동,도장,화이트,가로통간살,미스트,기본형,3연동_paint_white_horizontal_mist_none,assets/sku/diy-door-3연동-도장화이트-가로통간살-미스트-기본형.png
3,3연동,도장,화이트,가로통간살,패브릭,기본형,3연동_paint_white_horizontal_fabric_none,assets/sku/diy-door-3연동-도장화이트-가로통간살-패브릭-기본형.png
3,3연동,도장,화이트,세로통간살,투명,원형,3연동_paint_white_vertical_clear_circle,assets/sku/diy-door-3연동-도장화이트-세로통간살-투명-원형.png
3,3연동,도장,화이트,세로통간살,투명,일자형,3연동_paint_white_vertical_clear_bar,assets/sku/diy-door-3연동-도장화이트-세로통간살-투명-일자형.png
3,3연동,도장,화이트,세로통간살,브론즈,기본형,3연동_paint_white_vertical_bronze_none,assets/sku/diy-door-3연동-도장화이트-세로통간살-브론즈-기본형.png
3,3연동,도장,화이트,세로통간살,모루,기본형,3연동_paint_white_vertical_moru_none,assets/sku/diy-door-3연동-도장화이트-세로통간살-모루-기본형.png
3,3연동,도장,화이트,세로통간살,미스트,기본형,3연동_paint_white_vertical_mist_none,assets/sku/diy-door-3연동-도장화이트-세로통간살-미스트-기본형.png
3,3연동,도장,화이트,세로통간살,패브릭,기본형,3연동_paint_white_vertical_fabric_none,assets/sku/diy-door-3연동-도장화이트-세로통간살-패브릭-기본형.png
3,3연동,도장,화이트,아치형,투명,원형,3연동_paint_white_arch_clear_circle,assets/sku/diy-door-3연동-도장화이트-아치형-투명-원형.png
3,3연동,도장,화이트,아치형,투명,일자형,3연동_paint_white_arch_clear_bar,assets/sku/diy-door-3연동-도장화이트-아치형-투명-일자형.png
3,3연동,도장,화이트,아치형,브론즈,기본형,3연동_paint_white_arch_bronze_none,assets/sku/diy-door-3연동-도장화이트-아치형-브론즈-기본형.png
3,3연동,도장,화이트,아치형,모루,기본형,3연동_paint_white_arch_moru_none,assets/sku/diy-door-3연동-도장화이트-아치형-모루-기본형.png
3,3연동,도장,화이트,아치형,미스트,기본형,3연동_paint_white_arch_mist_none,assets/sku/diy-door-3연동-도장화이트-아치형-미스트-기본형.png
3,3연동,도장,화이트,아치형,패브릭,기본형,3연동_paint_white_arch_fabric_none,assets/sku/diy-door-3연동-도장화이트-아치형-패브릭-기본형.png
3,3연동,도장,그레이,민자,투명,원형,3연동_paint_gray_none_clear_circle,assets/sku/diy-door-3연동-도장그레이-민자-투명-원형.png
3,3연동,도장,그레이,민자,투명,일자형,3연동_paint_gray_none_clear_bar,assets/sku/diy-door-3연동-도장그레이-민자-투명-일자형.png
3,3연동,도장,그레이,민자,브론즈,기본형,3연동_paint_gray_none_bronze_none,assets/sku/diy-door-3연동-도장그레이-민자-브론즈-기본형.png
3,3연동,도장,그레이,민자,모루,기본형,3연동_paint_gray_none_moru_none,assets/sku/diy-door-3연동-도장그레이-민자-모루-기본형.png
3,3연동,도장,그레이,민자,미스트,기본형,3연동_paint_gray_none_mist_none,assets/sku/diy-door-3연동-도장그레이-민자-미스트-기본형.png
3,3연동,도장,그레이,민자,패브릭,기본형,3연동_paint_gray_none_fabric_none,assets/sku/diy-door-3연동-도장그레이-민자-패브릭-기본형.png
3,3연동,도장,그레이,가로통간살,투명,기본형,3연동_paint_gray_horizontal_clear_none,assets/sku/diy-door-3연동-도장그레이-가로통간살-투명-기본형.png
3,3연동,도장,그레이,세로통간살,투명,기본형,3연동_paint_gray_vertical_clear_none,assets/sku/diy-door-3연동-도장그레이-세로통간살-투명-기본형.png
3,3연동,도장,그레이,아치형,투명,기본형,3연동_paint_gray_arch_clear_none,assets/sku/diy-door-3연동-도장그레이-아치형-투명-기본형.png
3,3연동,도장,블랙,민자,투명,원형,3연동_paint_black_none_clear_circle,assets/sku/diy-door-3연동-도장블랙-민자-투명-원형.png
3,3연동,도장,블랙,민자,투명,일자형,3연동_paint_black_none_clear_bar,assets/sku/diy-door-3연동-도장블랙-민자-투명-일자형.png
3,3연동,도장,블랙,민자,브론즈,기본형,3연동_paint_black_none_bronze_none,assets/sku/diy-door-3연동-도장블랙-민자-브론즈-기본형.png
3,3연동,도장,블랙,민자,모루,기본형,3연동_paint_black_none_moru_none,assets/sku/diy-door-3연동-도장블랙-민자-모루-기본형.png
3,3연동,도장,블랙,민자,미스트,기본형,3연동_paint_black_none_mist_none,assets/sku/diy-door-3연동-도장블랙-민자-미스트-기본형.png
3,3연동,도장,블랙,민자,패브릭,기본형,3연동_paint_black_none_fabric_none,assets/sku/diy-door-3연동-도장블랙-민자-패브릭-기본형.png
3,3연동,도장,블랙,가로통간살,투명,기본형,3연동_paint_black_horizontal_clear_none,assets/sku/diy-door-3연동-도장블랙-가로통간살-투명-기본형.png
3,3연동,도장,블랙,세로통간살,투명,기본형,3연동_paint_black_vertical_clear_none,assets/sku/diy-door-3연동-도장블랙-세로통간살-투명-기본형.png
3,3연동,도장,블랙,아치형,투명,기본형,3연동_paint_black_arch_clear_none,assets/sku/diy-door-3연동-도장블랙-아치형-투명-기본형.png
3,3연동,필름,화이트,민자,투명,원형,3연동_film_white_none_clear_circle,assets/sku/diy-door-3연동-필름화이트-민자-투명-원형.png
3,3연동,필름,화이트,민자,투명,일자형,3연동_film_white_none_clear_bar,assets/sku/diy-door-3연동-필름화이트-민자-투명-일자형.png
3,3연동,필름,화이트,민자,브론즈,기본형,3연동_film_white_none_bronze_none,assets/sku/diy-door-3연동-필름화이트-민자-브론즈-기본형.png
3,3연동,필름,화이트,민자,모루,기본형,3연동_film_white_none_moru_none,assets/sku/diy-door-3연동-필름화이트-민자-모루-기본형.png
3,3연동,필름,화이트,민자,미스트,기본형,3연동_film_white_none_mist_none,assets/sku/diy-door-3연동-필름화이트-민자-미스트-기본형.png
3,3연동,필름,화이트,민자,패브릭,기본형,3연동_film_white_none_fabric_none,assets/sku/diy-door-3연동-필름화이트-민자-패브릭-기본형.png
3,3연동,필름,화이트,가로통간살,투명,기본형,3연동_film_white_horizontal_clear_none,assets/sku/diy-door-3연동-필름화이트-가로통간살-투명-기본형.png
3,3연동,필름,화이트,세로통간살,투명,기본형,3연동_film_white_vertical_clear_none,assets/sku/diy-door-3연동-필름화이트-세로통간살-투명-기본형.png
3,3연동,필름,화이트,아치형,투명,기본형,3연동_film_white_arch_clear_none,assets/sku/diy-door-3연동-필름화이트-아치형-투명-기본형.png
3,3연동,필름,그레이,민자,투명,원형,3연동_film_gray_none_clear_circle,assets/sku/diy-door-3연동-필름그레이-민자-투명-원형.png
3,3연동,필름,그레이,민자,투명,일자형,3연동_film_gray_none_clear_bar,assets/sku/diy-door-3연동-필름그레이-민자-투명-일자형.png
3,3연동,필름,그레이,민자,브론즈,기본형,3연동_film_gray_none_bronze_none,assets/sku/diy-door-3연동-필름그레이-민자-브론즈-기본형.png
3,3연동,필름,그레이,민자,모루,기본형,3연동_film_gray_none_moru_none,assets/sku/diy-door-3연동-필름그레이-민자-모루-기본형.png
3,3연동,필름,그레이,민자,미스트,기본형,3연동_film_gray_none_mist_none,assets/sku/diy-door-3연동-필름그레이-민자-미스트-기본형.png
3,3연동,필름,그레이,민자,패브릭,기본형,3연동_film_gray_none_fabric_none,assets/sku/diy-door-3연동-필름그레이-민자-패브릭-기본형.png
3,3연동,필름,그레이,가로통간살,투명,기본형,3연동_film_gray_horizontal_clear_none,assets/sku/diy-door-3연동-필름그레이-가로통간살-투명-기본형.png
3,3연동,필름,그레이,세로통간살,투명,기본형,3연동_film_gray_vertical_clear_none,assets/sku/diy-door-3연동-필름그레이-세로통간살-투명-기본형.png
3,3연동,필름,그레이,아치형,투명,기본형,3연동_film_gray_arch_clear_none,assets/sku/diy-door-3연동-필름그레이-아치형-투명-기본형.png
3,3연동,필름,블랙,민자,투명,원형,3연동_film_black_none_clear_circle,assets/sku/diy-door-3연동-필름블랙-민자-투명-원형.png
3,3연동,필름,블랙,민자,투명,일자형,3연동_film_black_none_clear_bar,assets/sku/diy-door-3연동-필름블랙-민자-투명-일자형.png
3,3연동,필름,블랙,민자,브론즈,기본형,3연동_film_black_none_bronze_none,assets/sku/diy-door-3연동-필름블랙-민자-브론즈-기본형.png
3,3연동,필름,블랙,민자,모루,기본형,3연동_film_black_none_moru_none,assets/sku/diy-door-3연동-필름블랙-민자-모루-기본형.png
3,3연동,필름,블랙,민자,미스트,기본형,3연동_film_black_none_mist_none,assets/sku/diy-door-3연동-필름블랙-민자-미스트-기본형.png
3,3연동,필름,블랙,민자,패브릭,기본형,3연동_film_black_none_fabric_none,assets/sku/diy-door-3연동-필름블랙-민자-패브릭-기본형.png
3,3연동,필름,블랙,가로통간살,투명,기본형,3연동_film_black_horizontal_clear_none,assets/sku/diy-door-3연동-필름블랙-가로통간살-투명-기본형.png
3,3연동,필름,블랙,세로통간살,투명,기본형,3연동_film_black_vertical_clear_none,assets/sku/diy-door-3연동-필름블랙-세로통간살-투명-기본형.png
3,3연동,필름,블랙,아치형,투명,기본형,3연동_film_black_arch_clear_none,assets/sku/diy-door-3연동-필름블랙-아치형-투명-기본형.png
3,원슬라이딩,도장,화이트,민자,브론즈,원형,원슬라이딩_paint_white_none_bronze_circle,assets/sku/diy-door-원슬라이딩-도장화이트-민자-브론즈-원형.png
3,원슬라이딩,도장,화이트,민자,브론즈,일자형,원슬라이딩_paint_white_none_bronze_bar,assets/sku/diy-door-원슬라이딩-도장화이트-민자-브론즈-일자형.png
3,원슬라이딩,도장,화이트,민자,모루,원형,원슬라이딩_paint_white_none_moru_circle,assets/sku/diy-door-원슬라이딩-도장화이트-민자-모루-원형.png
3,원슬라이딩,도장,화이트,민자,모루,일자형,원슬라이딩_paint_white_none_moru_bar,assets/sku/diy-door-원슬라이딩-도장화이트-민자-모루-일자형.png
3,원슬라이딩,도장,화이트,민자,미스트,원형,원슬라이딩_paint_white_none_mist_circle,assets/sku/diy-door-원슬라이딩-도장화이트-민자-미스트-원형.png
3,원슬라이딩,도장,화이트,민자,미스트,일자형,원슬라이딩_paint_white_none_mist_bar,assets/sku/diy-door-원슬라이딩-도장화이트-민자-미스트-일자형.png
3,원슬라이딩,도장,화이트,민자,패브릭,원형,원슬라이딩_paint_white_none_fabric_circle,assets/sku/diy-door-원슬라이딩-도장화이트-민자-패브릭-원형.png
3,원슬라이딩,도장,화이트,민자,패브릭,일자형,원슬라이딩_paint_white_none_fabric_bar,assets/sku/diy-door-원슬라이딩-도장화이트-민자-패브릭-일자형.png
3,원슬라이딩,도장,화이트,가로통간살,투명,원형,원슬라이딩_paint_white_horizontal_clear_circle,assets/sku/diy-door-원슬라이딩-도장화이트-가로통간살-투명-원형.png
3,원슬라이딩,도장,화이트,가로통간살,투명,일자형,원슬라이딩_paint_white_horizontal_clear_bar,assets/sku/diy-door-원슬라이딩-도장화이트-가로통간살-투명-일자형.png
3,원슬라이딩,도장,화이트,가로통간살,브론즈,기본형,원슬라이딩_paint_white_horizontal_bronze_none,assets/sku/diy-door-원슬라이딩-도장화이트-가로통간살-브론즈-기본형.png
3,원슬라이딩,도장,화이트,가로통간살,모루,기본형,원슬라이딩_paint_white_horizontal_moru_none,assets/sku/diy-door-원슬라이딩-도장화이트-가로통간살-모루-기본형.png
3,원슬라이딩,도장,화이트,가로통간살,미스트,기본형,원슬라이딩_paint_white_horizontal_mist_none,assets/sku/diy-door-원슬라이딩-도장화이트-가로통간살-미스트-기본형.png
3,원슬라이딩,도장,화이트,가로통간살,패브릭,기본형,원슬라이딩_paint_white_horizontal_fabric_none,assets/sku/diy-door-원슬라이딩-도장화이트-가로통간살-패브릭-기본형.png
3,원슬라이딩,도장,화이트,세로통간살,투명,원형,원슬라이딩_paint_white_vertical_clear_circle,assets/sku/diy-door-원슬라이딩-도장화이트-세로통간살-투명-원형.png
3,원슬라이딩,도장,화이트,세로통간살,투명,일자형,원슬라이딩_paint_white_vertical_clear_bar,assets/sku/diy-door-원슬라이딩-도장화이트-세로통간살-투명-일자형.png
3,원슬라이딩,도장,화이트,세로통간살,브론즈,기본형,원슬라이딩_paint_white_vertical_bronze_none,assets/sku/diy-door-원슬라이딩-도장화이트-세로통간살-브론즈-기본형.png
3,원슬라이딩,도장,화이트,세로통간살,모루,기본형,원슬라이딩_paint_white_vertical_moru_none,assets/sku/diy-door-원슬라이딩-도장화이트-세로통간살-모루-기본형.png
3,원슬라이딩,도장,화이트,세로통간살,미스트,기본형,원슬라이딩_paint_white_vertical_mist_none,assets/sku/diy-door-원슬라이딩-도장화이트-세로통간살-미스트-기본형.png
3,원슬라이딩,도장,화이트,세로통간살,패브릭,기본형,원슬라이딩_paint_white_vertical_fabric_none,assets/sku/diy-door-원슬라이딩-도장화이트-세로통간살-패브릭-기본형.png
3,원슬라이딩,도장,화이트,아치형,투명,원형,원슬라이딩_paint_white_arch_clear_circle,assets/sku/diy-door-원슬라이딩-도장화이트-아치형-투명-원형.png
3,원슬라이딩,도장,화이트,아치형,투명,일자형,원슬라이딩_paint_white_arch_clear_bar,assets/sku/diy-door-원슬라이딩-도장화이트-아치형-투명-일자형.png
3,원슬라이딩,도장,화이트,아치형,브론즈,기본형,원슬라이딩_paint_white_arch_bronze_none,assets/sku/diy-door-원슬라이딩-도장화이트-아치형-브론즈-기본형.png
3,원슬라이딩,도장,화이트,아치형,모루,기본형,원슬라이딩_paint_white_arch_moru_none,assets/sku/diy-door-원슬라이딩-도장화이트-아치형-모루-기본형.png
3,원슬라이딩,도장,화이트,아치형,미스트,기본형,원슬라이딩_paint_white_arch_mist_none,assets/sku/diy-door-원슬라이딩-도장화이트-아치형-미스트-기본형.png
3,원슬라이딩,도장,화이트,아치형,패브릭,기본형,원슬라이딩_paint_white_arch_fabric_none,assets/sku/diy-door-원슬라이딩-도장화이트-아치형-패브릭-기본형.png
3,원슬라이딩,도장,그레이,민자,투명,원형,원슬라이딩_paint_gray_none_clear_circle,assets/sku/diy-door-원슬라이딩-도장그레이-민자-투명-원형.png
3,원슬라이딩,도장,그레이,민자,투명,일자형,원슬라이딩_paint_gray_none_clear_bar,assets/sku/diy-door-원슬라이딩-도장그레이-민자-투명-일자형.png
3,원슬라이딩,도장,그레이,민자,브론즈,기본형,원슬라이딩_paint_gray_none_bronze_none,assets/sku/diy-door-원슬라이딩-도장그레이-민자-브론즈-기본형.png
3,원슬라이딩,도장,그레이,민자,모루,기본형,원슬라이딩_paint_gray_none_moru_none,assets/sku/diy-door-원슬라이딩-도장그레이-민자-모루-기본형.png
3,원슬라이딩,도장,그레이,민자,미스트,기본형,원슬라이딩_paint_gray_none_mist_none,assets/sku/diy-door-원슬라이딩-도장그레이-민자-미스트-기본형.png
3,원슬라이딩,도장,그레이,민자,패브릭,기본형,원슬라이딩_paint_gray_none_fabric_none,assets/sku/diy-door-원슬라이딩-도장그레이-민자-패브릭-기본형.png
3,원슬라이딩,도장,그레이,가로통간살,투명,기본형,원슬라이딩_paint_gray_horizontal_clear_none,assets/sku/diy-door-원슬라이딩-도장그레이-가로통간살-투명-기본형.png
3,원슬라이딩,도장,그레이,세로통간살,투명,기본형,원슬라이딩_paint_gray_vertical_clear_none,assets/sku/diy-door-원슬라이딩-도장그레이-세로통간살-투명-기본형.png
3,원슬라이딩,도장,그레이,아치형,투명,기본형,원슬라이딩_paint_gray_arch_clear_none,assets/sku/diy-door-원슬라이딩-도장그레이-아치형-투명-기본형.png
3,원슬라이딩,도장,블랙,민자,투명,원형,원슬라이딩_paint_black_none_clear_circle,assets/sku/diy-door-원슬라이딩-도장블랙-민자-투명-원형.png
3,원슬라이딩,도장,블랙,민자,투명,일자형,원슬라이딩_paint_black_none_clear_bar,assets/sku/diy-door-원슬라이딩-도장블랙-민자-투명-일자형.png
3,원슬라이딩,도장,블랙,민자,브론즈,기본형,원슬라이딩_paint_black_none_bronze_none,assets/sku/diy-door-원슬라이딩-도장블랙-민자-브론즈-기본형.png
3,원슬라이딩,도장,블랙,민자,모루,기본형,원슬라이딩_paint_black_none_moru_none,assets/sku/diy-door-원슬라이딩-도장블랙-민자-모루-기본형.png
3,원슬라이딩,도장,블랙,민자,미스트,기본형,원슬라이딩_paint_black_none_mist_none,assets/sku/diy-door-원슬라이딩-도장블랙-민자-미스트-기본형.png
3,원슬라이딩,도장,블랙,민자,패브릭,기본형,원슬라이딩_paint_black_none_fabric_none,assets/sku/diy-door-원슬라이딩-도장블랙-민자-패브릭-기본형.png
3,원슬라이딩,도장,블랙,가로통간살,투명,기본형,원슬라이딩_paint_black_horizontal_clear_none,assets/sku/diy-door-원슬라이딩-도장블랙-가로통간살-투명-기본형.png
3,원슬라이딩,도장,블랙,세로통간살,투명,기본형,원슬라이딩_paint_black_vertical_clear_none,assets/sku/diy-door-원슬라이딩-도장블랙-세로통간살-투명-기본형.png
3,원슬라이딩,도장,블랙,아치형,투명,기본형,원슬라이딩_paint_black_arch_clear_none,assets/sku/diy-door-원슬라이딩-도장블랙-아치형-투명-기본형.png
3,원슬라이딩,필름,화이트,민자,투명,원형,원슬라이딩_film_white_none_clear_circle,assets/sku/diy-door-원슬라이딩-필름화이트-민자-투명-원형.png
3,원슬라이딩,필름,화이트,민자,투명,일자형,원슬라이딩_film_white_none_clear_bar,assets/sku/diy-door-원슬라이딩-필름화이트-민자-투명-일자형.png
3,원슬라이딩,필름,화이트,민자,브론즈,기본형,원슬라이딩_film_white_none_bronze_none,assets/sku/diy-door-원슬라이딩-필름화이트-민자-브론즈-기본형.png
3,원슬라이딩,필름,화이트,민자,모루,기본형,원슬라이딩_film_white_none_moru_none,assets/sku/diy-door-원슬라이딩-필름화이트-민자-모루-기본형.png
3,원슬라이딩,필름,화이트,민자,미스트,기본형,원슬라이딩_film_white_none_mist_none,assets/sku/diy-door-원슬라이딩-필름화이트-민자-미스트-기본형.png
3,원슬라이딩,필름,화이트,민자,패브릭,기본형,원슬라이딩_film_white_none_fabric_none,assets/sku/diy-door-원슬라이딩-필름화이트-민자-패브릭-기본형.png
3,원슬라이딩,필름,화이트,가로통간살,투명,기본형,원슬라이딩_film_white_horizontal_clear_none,assets/sku/diy-door-원슬라이딩-필름화이트-가로통간살-투명-기본형.png
3,원슬라이딩,필름,화이트,세로통간살,투명,기본형,원슬라이딩_film_white_vertical_clear_none,assets/sku/diy-door-원슬라이딩-필름화이트-세로통간살-투명-기본형.png
3,원슬라이딩,필름,화이트,아치형,투명,기본형,원슬라이딩_film_white_arch_clear_none,assets/sku/diy-door-원슬라이딩-필름화이트-아치형-투명-기본형.png
3,원슬라이딩,필름,그레이,민자,투명,원형,원슬라이딩_film_gray_none_clear_circle,assets/sku/diy-door-원슬라이딩-필름그레이-민자-투명-원형.png
3,원슬라이딩,필름,그레이,민자,투명,일자형,원슬라이딩_film_gray_none_clear_bar,assets/sku/diy-door-원슬라이딩-필름그레이-민자-투명-일자형.png
3,원슬라이딩,필름,그레이,민자,브론즈,기본형,원슬라이딩_film_gray_none_bronze_none,assets/sku/diy-door-원슬라이딩-필름그레이-민자-브론즈-기본형.png
3,원슬라이딩,필름,그레이,민자,모루,기본형,원슬라이딩_film_gray_none_moru_none,assets/sku/diy-door-원슬라이딩-필름그레이-민자-모루-기본형.png
3,원슬라이딩,필름,그레이,민자,미스트,기본형,원슬라이딩_film_gray_none_mist_none,assets/sku/diy-door-원슬라이딩-필름그레이-민자-미스트-기본형.png
3,원슬라이딩,필름,그레이,민자,패브릭,기본형,원슬라이딩_film_gray_none_fabric_none,assets/sku/diy-door-원슬라이딩-필름그레이-민자-패브릭-기본형.png
3,원슬라이딩,필름,그레이,가로통간살,투명,기본형,원슬라이딩_film_gray_horizontal_clear_none,assets/sku/diy-door-원슬라이딩-필름그레이-가로통간살-투명-기본형.png
3,원슬라이딩,필름,그레이,세로통간살,투명,기본형,원슬라이딩_film_gray_vertical_clear_none,assets/sku/diy-door-원슬라이딩-필름그레이-세로통간살-투명-기본형.png
3,원슬라이딩,필름,그레이,아치형,투명,기본형,원슬라이딩_film_gray_arch_clear_none,assets/sku/diy-door-원슬라이딩-필름그레이-아치형-투명-기본형.png
3,원슬라이딩,필름,블랙,민자,투명,원형,원슬라이딩_film_black_none_clear_circle,assets/sku/diy-door-원슬라이딩-필름블랙-민자-투명-원형.png
3,원슬라이딩,필름,블랙,민자,투명,일자형,원슬라이딩_film_black_none_clear_bar,assets/sku/diy-door-원슬라이딩-필름블랙-민자-투명-일자형.png
3,원슬라이딩,필름,블랙,민자,브론즈,기본형,원슬라이딩_film_black_none_bronze_none,assets/sku/diy-door-원슬라이딩-필름블랙-민자-브론즈-기본형.png
3,원슬라이딩,필름,블랙,민자,모루,기본형,원슬라이딩_film_black_none_moru_none,assets/sku/diy-door-원슬라이딩-필름블랙-민자-모루-기본형.png
3,원슬라이딩,필름,블랙,민자,미스트,기본형,원슬라이딩_film_black_none_mist_none,assets/sku/diy-door-원슬라이딩-필름블랙-민자-미스트-기본형.png
3,원슬라이딩,필름,블랙,민자,패브릭,기본형,원슬라이딩_film_black_none_fabric_none,assets/sku/diy-door-원슬라이딩-필름블랙-민자-패브릭-기본형.png
3,원슬라이딩,필름,블랙,가로통간살,투명,기본형,원슬라이딩_film_black_horizontal_clear_none,assets/sku/diy-door-원슬라이딩-필름블랙-가로통간살-투명-기본형.png
3,원슬라이딩,필름,블랙,세로통간살,투명,기본형,원슬라이딩_film_black_vertical_clear_none,assets/sku/diy-door-원슬라이딩-필름블랙-세로통간살-투명-기본형.png
3,원슬라이딩,필름,블랙,아치형,투명,기본형,원슬라이딩_film_black_arch_clear_none,assets/sku/diy-door-원슬라이딩-필름블랙-아치형-투명-기본형.png
3,스윙폴딩,도장,화이트,민자,브론즈,원형,스윙폴딩_paint_white_none_bronze_circle,assets/sku/diy-door-스윙폴딩-도장화이트-민자-브론즈-원형.png
3,스윙폴딩,도장,화이트,민자,브론즈,일자형,스윙폴딩_paint_white_none_bronze_bar,assets/sku/diy-door-스윙폴딩-도장화이트-민자-브론즈-일자형.png
3,스윙폴딩,도장,화이트,민자,모루,원형,스윙폴딩_paint_white_none_moru_circle,assets/sku/diy-door-스윙폴딩-도장화이트-민자-모루-원형.png
3,스윙폴딩,도장,화이트,민자,모루,일자형,스윙폴딩_paint_white_none_moru_bar,assets/sku/diy-door-스윙폴딩-도장화이트-민자-모루-일자형.png
3,스윙폴딩,도장,화이트,민자,미스트,원형,스윙폴딩_paint_white_none_mist_circle,assets/sku/diy-door-스윙폴딩-도장화이트-민자-미스트-원형.png
3,스윙폴딩,도장,화이트,민자,미스트,일자형,스윙폴딩_paint_white_none_mist_bar,assets/sku/diy-door-스윙폴딩-도장화이트-민자-미스트-일자형.png
3,스윙폴딩,도장,화이트,민자,패브릭,원형,스윙폴딩_paint_white_none_fabric_circle,assets/sku/diy-door-스윙폴딩-도장화이트-민자-패브릭-원형.png
3,스윙폴딩,도장,화이트,민자,패브릭,일자형,스윙폴딩_paint_white_none_fabric_bar,assets/sku/diy-door-스윙폴딩-도장화이트-민자-패브릭-일자형.png
3,스윙폴딩,도장,화이트,가로통간살,투명,원형,스윙폴딩_paint_white_horizontal_clear_circle,assets/sku/diy-door-스윙폴딩-도장화이트-가로통간살-투명-원형.png
3,스윙폴딩,도장,화이트,가로통간살,투명,일자형,스윙폴딩_paint_white_horizontal_clear_bar,assets/sku/diy-door-스윙폴딩-도장화이트-가로통간살-투명-일자형.png
3,스윙폴딩,도장,화이트,가로통간살,브론즈,기본형,스윙폴딩_paint_white_horizontal_bronze_none,assets/sku/diy-door-스윙폴딩-도장화이트-가로통간살-브론즈-기본형.png
3,스윙폴딩,도장,화이트,가로통간살,모루,기본형,스윙폴딩_paint_white_horizontal_moru_none,assets/sku/diy-door-스윙폴딩-도장화이트-가로통간살-모루-기본형.png
3,스윙폴딩,도장,화이트,가로통간살,미스트,기본형,스윙폴딩_paint_white_horizontal_mist_none,assets/sku/diy-door-스윙폴딩-도장화이트-가로통간살-미스트-기본형.png
3,스윙폴딩,도장,화이트,가로통간살,패브릭,기본형,스윙폴딩_paint_white_horizontal_fabric_none,assets/sku/diy-door-스윙폴딩-도장화이트-가로통간살-패브릭-기본형.png
3,스윙폴딩,도장,화이트,세로통간살,투명,원형,스윙폴딩_paint_white_vertical_clear_circle,assets/sku/diy-door-스윙폴딩-도장화이트-세로통간살-투명-원형.png
3,스윙폴딩,도장,화이트,세로통간살,투명,일자형,스윙폴딩_paint_white_vertical_clear_bar,assets/sku/diy-door-스윙폴딩-도장화이트-세로통간살-투명-일자형.png
3,스윙폴딩,도장,화이트,세로통간살,브론즈,기본형,스윙폴딩_paint_white_vertical_bronze_none,assets/sku/diy-door-스윙폴딩-도장화이트-세로통간살-브론즈-기본형.png
3,스윙폴딩,도장,화이트,세로통간살,모루,기본형,스윙폴딩_paint_white_vertical_moru_none,assets/sku/diy-door-스윙폴딩-도장화이트-세로통간살-모루-기본형.png
3,스윙폴딩,도장,화이트,세로통간살,미스트,기본형,스윙폴딩_paint_white_vertical_mist_none,assets/sku/diy-door-스윙폴딩-도장화이트-세로통간살-미스트-기본형.png
3,스윙폴딩,도장,화이트,세로통간살,패브릭,기본형,스윙폴딩_paint_white_vertical_fabric_none,assets/sku/diy-door-스윙폴딩-도장화이트-세로통간살-패브릭-기본형.png
3,스윙폴딩,도장,화이트,아치형,투명,원형,스윙폴딩_paint_white_arch_clear_circle,assets/sku/diy-door-스윙폴딩-도장화이트-아치형-투명-원형.png
3,스윙폴딩,도장,화이트,아치형,투명,일자형,스윙폴딩_paint_white_arch_clear_bar,assets/sku/diy-door-스윙폴딩-도장화이트-아치형-투명-일자형.png
3,스윙폴딩,도장,화이트,아치형,브론즈,기본형,스윙폴딩_paint_white_arch_bronze_none,assets/sku/diy-door-스윙폴딩-도장화이트-아치형-브론즈-기본형.png
3,스윙폴딩,도장,화이트,아치형,모루,기본형,스윙폴딩_paint_white_arch_moru_none,assets/sku/diy-door-스윙폴딩-도장화이트-아치형-모루-기본형.png
3,스윙폴딩,도장,화이트,아치형,미스트,기본형,스윙폴딩_paint_white_arch_mist_none,assets/sku/diy-door-스윙폴딩-도장화이트-아치형-미스트-기본형.png
3,스윙폴딩,도장,화이트,아치형,패브릭,기본형,스윙폴딩_paint_white_arch_fabric_none,assets/sku/diy-door-스윙폴딩-도장화이트-아치형-패브릭-기본형.png
3,스윙폴딩,도장,그레이,민자,투명,원형,스윙폴딩_paint_gray_none_clear_circle,assets/sku/diy-door-스윙폴딩-도장그레이-민자-투명-원형.png
3,스윙폴딩,도장,그레이,민자,투명,일자형,스윙폴딩_paint_gray_none_clear_bar,assets/sku/diy-door-스윙폴딩-도장그레이-민자-투명-일자형.png
3,스윙폴딩,도장,그레이,민자,브론즈,기본형,스윙폴딩_paint_gray_none_bronze_none,assets/sku/diy-door-스윙폴딩-도장그레이-민자-브론즈-기본형.png
3,스윙폴딩,도장,그레이,민자,모루,기본형,스윙폴딩_paint_gray_none_moru_none,assets/sku/diy-door-스윙폴딩-도장그레이-민자-모루-기본형.png
3,스윙폴딩,도장,그레이,민자,미스트,기본형,스윙폴딩_paint_gray_none_mist_none,assets/sku/diy-door-스윙폴딩-도장그레이-민자-미스트-기본형.png
3,스윙폴딩,도장,그레이,민자,패브릭,기본형,스윙폴딩_paint_gray_none_fabric_none,assets/sku/diy-door-스윙폴딩-도장그레이-민자-패브릭-기본형.png
3,스윙폴딩,도장,그레이,가로통간살,투명,기본형,스윙폴딩_paint_gray_horizontal_clear_none,assets/sku/diy-door-스윙폴딩-도장그레이-가로통간살-투명-기본형.png
3,스윙폴딩,도장,그레이,세로통간살,투명,기본형,스윙폴딩_paint_gray_vertical_clear_none,assets/sku/diy-door-스윙폴딩-도장그레이-세로통간살-투명-기본형.png
3,스윙폴딩,도장,그레이,아치형,투명,기본형,스윙폴딩_paint_gray_arch_clear_none,assets/sku/diy-door-스윙폴딩-도장그레이-아치형-투명-기본형.png
3,스윙폴딩,도장,블랙,민자,투명,원형,스윙폴딩_paint_black_none_clear_circle,assets/sku/diy-door-스윙폴딩-도장블랙-민자-투명-원형.png
3,스윙폴딩,도장,블랙,민자,투명,일자형,스윙폴딩_paint_black_none_clear_bar,assets/sku/diy-door-스윙폴딩-도장블랙-민자-투명-일자형.png
3,스윙폴딩,도장,블랙,민자,브론즈,기본형,스윙폴딩_paint_black_none_bronze_none,assets/sku/diy-door-스윙폴딩-도장블랙-민자-브론즈-기본형.png
3,스윙폴딩,도장,블랙,민자,모루,기본형,스윙폴딩_paint_black_none_moru_none,assets/sku/diy-door-스윙폴딩-도장블랙-민자-모루-기본형.png
3,스윙폴딩,도장,블랙,민자,미스트,기본형,스윙폴딩_paint_black_none_mist_none,assets/sku/diy-door-스윙폴딩-도장블랙-민자-미스트-기본형.png
3,스윙폴딩,도장,블랙,민자,패브릭,기본형,스윙폴딩_paint_black_none_fabric_none,assets/sku/diy-door-스윙폴딩-도장블랙-민자-패브릭-기본형.png
3,스윙폴딩,도장,블랙,가로통간살,투명,기본형,스윙폴딩_paint_black_horizontal_clear_none,assets/sku/diy-door-스윙폴딩-도장블랙-가로통간살-투명-기본형.png
3,스윙폴딩,도장,블랙,세로통간살,투명,기본형,스윙폴딩_paint_black_vertical_clear_none,assets/sku/diy-door-스윙폴딩-도장블랙-세로통간살-투명-기본형.png
3,스윙폴딩,도장,블랙,아치형,투명,기본형,스윙폴딩_paint_black_arch_clear_none,assets/sku/diy-door-스윙폴딩-도장블랙-아치형-투명-기본형.png
3,스윙폴딩,필름,화이트,민자,투명,원형,스윙폴딩_film_white_none_clear_circle,assets/sku/diy-door-스윙폴딩-필름화이트-민자-투명-원형.png
3,스윙폴딩,필름,화이트,민자,투명,일자형,스윙폴딩_film_white_none_clear_bar,assets/sku/diy-door-스윙폴딩-필름화이트-민자-투명-일자형.png
3,스윙폴딩,필름,화이트,민자,브론즈,기본형,스윙폴딩_film_white_none_bronze_none,assets/sku/diy-door-스윙폴딩-필름화이트-민자-브론즈-기본형.png
3,스윙폴딩,필름,화이트,민자,모루,기본형,스윙폴딩_film_white_none_moru_none,assets/sku/diy-door-스윙폴딩-필름화이트-민자-모루-기본형.png
3,스윙폴딩,필름,화이트,민자,미스트,기본형,스윙폴딩_film_white_none_mist_none,assets/sku/diy-door-스윙폴딩-필름화이트-민자-미스트-기본형.png
3,스윙폴딩,필름,화이트,민자,패브릭,기본형,스윙폴딩_film_white_none_fabric_none,assets/sku/diy-door-스윙폴딩-필름화이트-민자-패브릭-기본형.png
3,스윙폴딩,필름,화이트,가로통간살,투명,기본형,스윙폴딩_film_white_horizontal_clear_none,assets/sku/diy-door-스윙폴딩-필름화이트-가로통간살-투명-기본형.png
3,스윙폴딩,필름,화이트,세로통간살,투명,기본형,스윙폴딩_film_white_vertical_clear_none,assets/sku/diy-door-스윙폴딩-필름화이트-세로통간살-투명-기본형.png
3,스윙폴딩,필름,화이트,아치형,투명,기본형,스윙폴딩_film_white_arch_clear_none,assets/sku/diy-door-스윙폴딩-필름화이트-아치형-투명-기본형.png
3,스윙폴딩,필름,그레이,민자,투명,원형,스윙폴딩_film_gray_none_clear_circle,assets/sku/diy-door-스윙폴딩-필름그레이-민자-투명-원형.png
3,스윙폴딩,필름,그레이,민자,투명,일자형,스윙폴딩_film_gray_none_clear_bar,assets/sku/diy-door-스윙폴딩-필름그레이-민자-투명-일자형.png
3,스윙폴딩,필름,그레이,민자,브론즈,기본형,스윙폴딩_film_gray_none_bronze_none,assets/sku/diy-door-스윙폴딩-필름그레이-민자-브론즈-기본형.png
3,스윙폴딩,필름,그레이,민자,모루,기본형,스윙폴딩_film_gray_none_moru_none,assets/sku/diy-door-스윙폴딩-필름그레이-민자-모루-기본형.png
3,스윙폴딩,필름,그레이,민자,미스트,기본형,스윙폴딩_film_gray_none_mist_none,assets/sku/diy-door-스윙폴딩-필름그레이-민자-미스트-기본형.png
3,스윙폴딩,필름,그레이,민자,패브릭,기본형,스윙폴딩_film_gray_none_fabric_none,assets/sku/diy-door-스윙폴딩-필름그레이-민자-패브릭-기본형.png
3,스윙폴딩,필름,그레이,가로통간살,투명,기본형,스윙폴딩_film_gray_horizontal_clear_none,assets/sku/diy-door-스윙폴딩-필름그레이-가로통간살-투명-기본형.png
3,스윙폴딩,필름,그레이,세로통간살,투명,기본형,스윙폴딩_film_gray_vertical_clear_none,assets/sku/diy-door-스윙폴딩-필름그레이-세로통간살-투명-기본형.png
3,스윙폴딩,필름,그레이,아치형,투명,기본형,스윙폴딩_film_gray_arch_clear_none,assets/sku/diy-door-스윙폴딩-필름그레이-아치형-투명-기본형.png
3,스윙폴딩,필름,블랙,민자,투명,원형,스윙폴딩_film_black_none_clear_circle,assets/sku/diy-door-스윙폴딩-필름블랙-민자-투명-원형.png
3,스윙폴딩,필름,블랙,민자,투명,일자형,스윙폴딩_film_black_none_clear_bar,assets/sku/diy-door-스윙폴딩-필름블랙-민자-투명-일자형.png
3,스윙폴딩,필름,블랙,민자,브론즈,기본형,스윙폴딩_film_black_none_bronze_none,assets/sku/diy-door-스윙폴딩-필름블랙-민자-브론즈-기본형.png
3,스윙폴딩,필름,블랙,민자,모루,기본형,스윙폴딩_film_black_none_moru_none,assets/sku/diy-door-스윙폴딩-필름블랙-민자-모루-기본형.png
3,스윙폴딩,필름,블랙,민자,미스트,기본형,스윙폴딩_film_black_none_mist_none,assets/sku/diy-door-스윙폴딩-필름블랙-민자-미스트-기본형.png
3,스윙폴딩,필름,블랙,민자,패브릭,기본형,스윙폴딩_film_black_none_fabric_none,assets/sku/diy-door-스윙폴딩-필름블랙-민자-패브릭-기본형.png
3,스윙폴딩,필름,블랙,가로통간살,투명,기본형,스윙폴딩_film_black_horizontal_clear_none,assets/sku/diy-door-스윙폴딩-필름블랙-가로통간살-투명-기본형.png
3,스윙폴딩,필름,블랙,세로통간살,투명,기본형,스윙폴딩_film_black_vertical_clear_none,assets/sku/diy-door-스윙폴딩-필름블랙-세로통간살-투명-기본형.png
3,스윙폴딩,필름,블랙,아치형,투명,기본형,스윙폴딩_film_black_arch_clear_none,assets/sku/diy-door-스윙폴딩-필름블랙-아치형-투명-기본형.png
3,여닫이,도장,화이트,민자,브론즈,원형,여닫이_paint_white_none_bronze_circle,assets/sku/diy-door-여닫이-도장화이트-민자-브론즈-원형.png
3,여닫이,도장,화이트,민자,브론즈,일자형,여닫이_paint_white_none_bronze_bar,assets/sku/diy-door-여닫이-도장화이트-민자-브론즈-일자형.png
3,여닫이,도장,화이트,민자,모루,원형,여닫이_paint_white_none_moru_circle,assets/sku/diy-door-여닫이-도장화이트-민자-모루-원형.png
3,여닫이,도장,화이트,민자,모루,일자형,여닫이_paint_white_none_moru_bar,assets/sku/diy-door-여닫이-도장화이트-민자-모루-일자형.png
3,여닫이,도장,화이트,민자,미스트,원형,여닫이_paint_white_none_mist_circle,assets/sku/diy-door-여닫이-도장화이트-민자-미스트-원형.png
3,여닫이,도장,화이트,민자,미스트,일자형,여닫이_paint_white_none_mist_bar,assets/sku/diy-door-여닫이-도장화이트-민자-미스트-일자형.png
3,여닫이,도장,화이트,민자,패브릭,원형,여닫이_paint_white_none_fabric_circle,assets/sku/diy-door-여닫이-도장화이트-민자-패브릭-원형.png
3,여닫이,도장,화이트,민자,패브릭,일자형,여닫이_paint_white_none_fabric_bar,assets/sku/diy-door-여닫이-도장화이트-민자-패브릭-일자형.png
3,여닫이,도장,화이트,가로통간살,투명,원형,여닫이_paint_white_horizontal_clear_circle,assets/sku/diy-door-여닫이-도장화이트-가로통간살-투명-원형.png
3,여닫이,도장,화이트,가로통간살,투명,일자형,여닫이_paint_white_horizontal_clear_bar,assets/sku/diy-door-여닫이-도장화이트-가로통간살-투명-일자형.png
3,여닫이,도장,화이트,가로통간살,브론즈,기본형,여닫이_paint_white_horizontal_bronze_none,assets/sku/diy-door-여닫이-도장화이트-가로통간살-브론즈-기본형.png
3,여닫이,도장,화이트,가로통간살,모루,기본형,여닫이_paint_white_horizontal_moru_none,assets/sku/diy-door-여닫이-도장화이트-가로통간살-모루-기본형.png
3,여닫이,도장,화이트,가로통간살,미스트,기본형,여닫이_paint_white_horizontal_mist_none,assets/sku/diy-door-여닫이-도장화이트-가로통간살-미스트-기본형.png
3,여닫이,도장,화이트,가로통간살,패브릭,기본형,여닫이_paint_white_horizontal_fabric_none,assets/sku/diy-door-여닫이-도장화이트-가로통간살-패브릭-기본형.png
3,여닫이,도장,화이트,세로통간살,투명,원형,여닫이_paint_white_vertical_clear_circle,assets/sku/diy-door-여닫이-도장화이트-세로통간살-투명-원형.png
3,여닫이,도장,화이트,세로통간살,투명,일자형,여닫이_paint_white_vertical_clear_bar,assets/sku/diy-door-여닫이-도장화이트-세로통간살-투명-일자형.png
3,여닫이,도장,화이트,세로통간살,브론즈,기본형,여닫이_paint_white_vertical_bronze_none,assets/sku/diy-door-여닫이-도장화이트-세로통간살-브론즈-기본형.png
3,여닫이,도장,화이트,세로통간살,모루,기본형,여닫이_paint_white_vertical_moru_none,assets/sku/diy-door-여닫이-도장화이트-세로통간살-모루-기본형.png
3,여닫이,도장,화이트,세로통간살,미스트,기본형,여닫이_paint_white_vertical_mist_none,assets/sku/diy-door-여닫이-도장화이트-세로통간살-미스트-기본형.png
3,여닫이,도장,화이트,세로통간살,패브릭,기본형,여닫이_paint_white_vertical_fabric_none,assets/sku/diy-door-여닫이-도장화이트-세로통간살-패브릭-기본형.png
3,여닫이,도장,화이트,아치형,투명,원형,여닫이_paint_white_arch_clear_circle,assets/sku/diy-door-여닫이-도장화이트-아치형-투명-원형.png
3,여닫이,도장,화이트,아치형,투명,일자형,여닫이_paint_white_arch_clear_bar,assets/sku/diy-door-여닫이-도장화이트-아치형-투명-일자형.png
3,여닫이,도장,화이트,아치형,브론즈,기본형,여닫이_paint_white_arch_bronze_none,assets/sku/diy-door-여닫이-도장화이트-아치형-브론즈-기본형.png
3,여닫이,도장,화이트,아치형,모루,기본형,여닫이_paint_white_arch_moru_none,assets/sku/diy-door-여닫이-도장화이트-아치형-모루-기본형.png
3,여닫이,도장,화이트,아치형,미스트,기본형,여닫이_paint_white_arch_mist_none,assets/sku/diy-door-여닫이-도장화이트-아치형-미스트-기본형.png
3,여닫이,도장,화이트,아치형,패브릭,기본형,여닫이_paint_white_arch_fabric_none,assets/sku/diy-door-여닫이-도장화이트-아치형-패브릭-기본형.png
3,여닫이,도장,그레이,민자,투명,원형,여닫이_paint_gray_none_clear_circle,assets/sku/diy-door-여닫이-도장그레이-민자-투명-원형.png
3,여닫이,도장,그레이,민자,투명,일자형,여닫이_paint_gray_none_clear_bar,assets/sku/diy-door-여닫이-도장그레이-민자-투명-일자형.png
3,여닫이,도장,그레이,민자,브론즈,기본형,여닫이_paint_gray_none_bronze_none,assets/sku/diy-door-여닫이-도장그레이-민자-브론즈-기본형.png
3,여닫이,도장,그레이,민자,모루,기본형,여닫이_paint_gray_none_moru_none,assets/sku/diy-door-여닫이-도장그레이-민자-모루-기본형.png
3,여닫이,도장,그레이,민자,미스트,기본형,여닫이_paint_gray_none_mist_none,assets/sku/diy-door-여닫이-도장그레이-민자-미스트-기본형.png
3,여닫이,도장,그레이,민자,패브릭,기본형,여닫이_paint_gray_none_fabric_none,assets/sku/diy-door-여닫이-도장그레이-민자-패브릭-기본형.png
3,여닫이,도장,그레이,가로통간살,투명,기본형,여닫이_paint_gray_horizontal_clear_none,assets/sku/diy-door-여닫이-도장그레이-가로통간살-투명-기본형.png
3,여닫이,도장,그레이,세로통간살,투명,기본형,여닫이_paint_gray_vertical_clear_none,assets/sku/diy-door-여닫이-도장그레이-세로통간살-투명-기본형.png
3,여닫이,도장,그레이,아치형,투명,기본형,여닫이_paint_gray_arch_clear_none,assets/sku/diy-door-여닫이-도장그레이-아치형-투명-기본형.png
3,여닫이,도장,블랙,민자,투명,원형,여닫이_paint_black_none_clear_circle,assets/sku/diy-door-여닫이-도장블랙-민자-투명-원형.png
3,여닫이,도장,블랙,민자,투명,일자형,여닫이_paint_black_none_clear_bar,assets/sku/diy-door-여닫이-도장블랙-민자-투명-일자형.png
3,여닫이,도장,블랙,민자,브론즈,기본형,여닫이_paint_black_none_bronze_none,assets/sku/diy-door-여닫이-도장블랙-민자-브론즈-기본형.png
3,여닫이,도장,블랙,민자,모루,기본형,여닫이_paint_black_none_moru_none,assets/sku/diy-door-여닫이-도장블랙-민자-모루-기본형.png
3,여닫이,도장,블랙,민자,미스트,기본형,여닫이_paint_black_none_mist_none,assets/sku/diy-door-여닫이-도장블랙-민자-미스트-기본형.png
3,여닫이,도장,블랙,민자,패브릭,기본형,여닫이_paint_black_none_fabric_none,assets/sku/diy-door-여닫이-도장블랙-민자-패브릭-기본형.png
3,여닫이,도장,블랙,가로통간살,투명,기본형,여닫이_paint_black_horizontal_clear_none,assets/sku/diy-door-여닫이-도장블랙-가로통간살-투명-기본형.png
3,여닫이,도장,블랙,세로통간살,투명,기본형,여닫이_paint_black_vertical_clear_none,assets/sku/diy-door-여닫이-도장블랙-세로통간살-투명-기본형.png
3,여닫이,도장,블랙,아치형,투명,기본형,여닫이_paint_black_arch_clear_none,assets/sku/diy-door-여닫이-도장블랙-아치형-투명-기본형.png
3,여닫이,필름,화이트,민자,투명,원형,여닫이_film_white_none_clear_circle,assets/sku/diy-door-여닫이-필름화이트-민자-투명-원형.png
3,여닫이,필름,화이트,민자,투명,일자형,여닫이_film_white_none_clear_bar,assets/sku/diy-door-여닫이-필름화이트-민자-투명-일자형.png
3,여닫이,필름,화이트,민자,브론즈,기본형,여닫이_film_white_none_bronze_none,assets/sku/diy-door-여닫이-필름화이트-민자-브론즈-기본형.png
3,여닫이,필름,화이트,민자,모루,기본형,여닫이_film_white_none_moru_none,assets/sku/diy-door-여닫이-필름화이트-민자-모루-기본형.png
3,여닫이,필름,화이트,민자,미스트,기본형,여닫이_film_white_none_mist_none,assets/sku/diy-door-여닫이-필름화이트-민자-미스트-기본형.png
3,여닫이,필름,화이트,민자,패브릭,기본형,여닫이_film_white_none_fabric_none,assets/sku/diy-door-여닫이-필름화이트-민자-패브릭-기본형.png
3,여닫이,필름,화이트,가로통간살,투명,기본형,여닫이_film_white_horizontal_clear_none,assets/sku/diy-door-여닫이-필름화이트-가로통간살-투명-기본형.png
3,여닫이,필름,화이트,세로통간살,투명,기본형,여닫이_film_white_vertical_clear_none,assets/sku/diy-door-여닫이-필름화이트-세로통간살-투명-기본형.png
3,여닫이,필름,화이트,아치형,투명,기본형,여닫이_film_white_arch_clear_none,assets/sku/diy-door-여닫이-필름화이트-아치형-투명-기본형.png
3,여닫이,필름,그레이,민자,투명,원형,여닫이_film_gray_none_clear_circle,assets/sku/diy-door-여닫이-필름그레이-민자-투명-원형.png
3,여닫이,필름,그레이,민자,투명,일자형,여닫이_film_gray_none_clear_bar,assets/sku/diy-door-여닫이-필름그레이-민자-투명-일자형.png
3,여닫이,필름,그레이,민자,브론즈,기본형,여닫이_film_gray_none_bronze_none,assets/sku/diy-door-여닫이-필름그레이-민자-브론즈-기본형.png
3,여닫이,필름,그레이,민자,모루,기본형,여닫이_film_gray_none_moru_none,assets/sku/diy-door-여닫이-필름그레이-민자-모루-기본형.png
3,여닫이,필름,그레이,민자,미스트,기본형,여닫이_film_gray_none_mist_none,assets/sku/diy-door-여닫이-필름그레이-민자-미스트-기본형.png
3,여닫이,필름,그레이,민자,패브릭,기본형,여닫이_film_gray_none_fabric_none,assets/sku/diy-door-여닫이-필름그레이-민자-패브릭-기본형.png
3,여닫이,필름,그레이,가로통간살,투명,기본형,여닫이_film_gray_horizontal_clear_none,assets/sku/diy-door-여닫이-필름그레이-가로통간살-투명-기본형.png
3,여닫이,필름,그레이,세로통간살,투명,기본형,여닫이_film_gray_vertical_clear_none,assets/sku/diy-door-여닫이-필름그레이-세로통간살-투명-기본형.png
3,여닫이,필름,그레이,아치형,투명,기본형,여닫이_film_gray_arch_clear_none,assets/sku/diy-door-여닫이-필름그레이-아치형-투명-기본형.png
3,여닫이,필름,블랙,민자,투명,원형,여닫이_film_black_none_clear_circle,assets/sku/diy-door-여닫이-필름블랙-민자-투명-원형.png
3,여닫이,필름,블랙,민자,투명,일자형,여닫이_film_black_none_clear_bar,assets/sku/diy-door-여닫이-필름블랙-민자-투명-일자형.png
3,여닫이,필름,블랙,민자,브론즈,기본형,여닫이_film_black_none_bronze_none,assets/sku/diy-door-여닫이-필름블랙-민자-브론즈-기본형.png
3,여닫이,필름,블랙,민자,모루,기본형,여닫이_film_black_none_moru_none,assets/sku/diy-door-여닫이-필름블랙-민자-모루-기본형.png
3,여닫이,필름,블랙,민자,미스트,기본형,여닫이_film_black_none_mist_none,assets/sku/diy-door-여닫이-필름블랙-민자-미스트-기본형.png
3,여닫이,필름,블랙,민자,패브릭,기본형,여닫이_film_black_none_fabric_none,assets/sku/diy-door-여닫이-필름블랙-민자-패브릭-기본형.png
3,여닫이,필름,블랙,가로통간살,투명,기본형,여닫이_film_black_horizontal_clear_none,assets/sku/diy-door-여닫이-필름블랙-가로통간살-투명-기본형.png
3,여닫이,필름,블랙,세로통간살,투명,기본형,여닫이_film_black_vertical_clear_none,assets/sku/diy-door-여닫이-필름블랙-세로통간살-투명-기본형.png
3,여닫이,필름,블랙,아치형,투명,기본형,여닫이_film_black_arch_clear_none,assets/sku/diy-door-여닫이-필름블랙-아치형-투명-기본형.png
4,3연동,도장,화이트,가로통간살,브론즈,원형,3연동_paint_white_horizontal_bronze_circle,assets/sku/diy-door-3연동-도장화이트-가로통간살-브론즈-원형.png
4,3연동,도장,화이트,가로통간살,브론즈,일자형,3연동_paint_white_horizontal_bronze_bar,assets/sku/diy-door-3연동-도장화이트-가로통간살-브론즈-일자형.png
4,3연동,도장,화이트,가로통간살,모루,원형,3연동_paint_white_horizontal_moru_circle,assets/sku/diy-door-3연동-도장화이트-가로통간살-모루-원형.png
4,3연동,도장,화이트,가로통간살,모루,일자형,3연동_paint_white_horizontal_moru_bar,assets/sku/diy-door-3연동-도장화이트-가로통간살-모루-일자형.png
4,3연동,도장,화이트,가로통간살,미스트,원형,3연동_paint_white_horizontal_mist_circle,assets/sku/diy-door-3연동-도장화이트-가로통간살-미스트-원형.png
4,3연동,도장,화이트,가로통간살,미스트,일자형,3연동_paint_white_horizontal_mist_bar,assets/sku/diy-door-3연동-도장화이트-가로통간살-미스트-일자형.png
4,3연동,도장,화이트,가로통간살,패브릭,원형,3연동_paint_white_horizontal_fabric_circle,assets/sku/diy-door-3연동-도장화이트-가로통간살-패브릭-원형.png
4,3연동,도장,화이트,가로통간살,패브릭,일자형,3연동_paint_white_horizontal_fabric_bar,assets/sku/diy-door-3연동-도장화이트-가로통간살-패브릭-일자형.png
4,3연동,도장,화이트,세로통간살,브론즈,원형,3연동_paint_white_vertical_bronze_circle,assets/sku/diy-door-3연동-도장화이트-세로통간살-브론즈-원형.png
4,3연동,도장,화이트,세로통간살,브론즈,일자형,3연동_paint_white_vertical_bronze_bar,assets/sku/diy-door-3연동-도장화이트-세로통간살-브론즈-일자형.png
4,3연동,도장,화이트,세로통간살,모루,원형,3연동_paint_white_vertical_moru_circle,assets/sku/diy-door-3연동-도장화이트-세로통간살-모루-원형.png
4,3연동,도장,화이트,세로통간살,모루,일자형,3연동_paint_white_vertical_moru_bar,assets/sku/diy-door-3연동-도장화이트-세로통간살-모루-일자형.png
4,3연동,도장,화이트,세로통간살,미스트,원형,3연동_paint_white_vertical_mist_circle,assets/sku/diy-door-3연동-도장화이트-세로통간살-미스트-원형.png
4,3연동,도장,화이트,세로통간살,미스트,일자형,3연동_paint_white_vertical_mist_bar,assets/sku/diy-door-3연동-도장화이트-세로통간살-미스트-일자형.png
4,3연동,도장,화이트,세로통간살,패브릭,원형,3연동_paint_white_vertical_fabric_circle,assets/sku/diy-door-3연동-도장화이트-세로통간살-패브릭-원형.png
4,3연동,도장,화이트,세로통간살,패브릭,일자형,3연동_paint_white_vertical_fabric_bar,assets/sku/diy-door-3연동-도장화이트-세로통간살-패브릭-일자형.png
4,3연동,도장,화이트,아치형,브론즈,원형,3연동_paint_white_arch_bronze_circle,assets/sku/diy-door-3연동-도장화이트-아치형-브론즈-원형.png
4,3연동,도장,화이트,아치형,브론즈,일자형,3연동_paint_white_arch_bronze_bar,assets/sku/diy-door-3연동-도장화이트-아치형-브론즈-일자형.png
4,3연동,도장,화이트,아치형,모루,원형,3연동_paint_white_arch_moru_circle,assets/sku/diy-door-3연동-도장화이트-아치형-모루-원형.png
4,3연동,도장,화이트,아치형,모루,일자형,3연동_paint_white_arch_moru_bar,assets/sku/diy-door-3연동-도장화이트-아치형-모루-일자형.png
4,3연동,도장,화이트,아치형,미스트,원형,3연동_paint_white_arch_mist_circle,assets/sku/diy-door-3연동-도장화이트-아치형-미스트-원형.png
4,3연동,도장,화이트,아치형,미스트,일자형,3연동_paint_white_arch_mist_bar,assets/sku/diy-door-3연동-도장화이트-아치형-미스트-일자형.png
4,3연동,도장,화이트,아치형,패브릭,원형,3연동_paint_white_arch_fabric_circle,assets/sku/diy-door-3연동-도장화이트-아치형-패브릭-원형.png
4,3연동,도장,화이트,아치형,패브릭,일자형,3연동_paint_white_arch_fabric_bar,assets/sku/diy-door-3연동-도장화이트-아치형-패브릭-일자형.png
4,3연동,도장,그레이,민자,브론즈,원형,3연동_paint_gray_none_bronze_circle,assets/sku/diy-door-3연동-도장그레이-민자-브론즈-원형.png
4,3연동,도장,그레이,민자,브론즈,일자형,3연동_paint_gray_none_bronze_bar,assets/sku/diy-door-3연동-도장그레이-민자-브론즈-일자형.png
4,3연동,도장,그레이,민자,모루,원형,3연동_paint_gray_none_moru_circle,assets/sku/diy-door-3연동-도장그레이-민자-모루-원형.png
4,3연동,도장,그레이,민자,모루,일자형,3연동_paint_gray_none_moru_bar,assets/sku/diy-door-3연동-도장그레이-민자-모루-일자형.png
4,3연동,도장,그레이,민자,미스트,원형,3연동_paint_gray_none_mist_circle,assets/sku/diy-door-3연동-도장그레이-민자-미스트-원형.png
4,3연동,도장,그레이,민자,미스트,일자형,3연동_paint_gray_none_mist_bar,assets/sku/diy-door-3연동-도장그레이-민자-미스트-일자형.png
4,3연동,도장,그레이,민자,패브릭,원형,3연동_paint_gray_none_fabric_circle,assets/sku/diy-door-3연동-도장그레이-민자-패브릭-원형.png
4,3연동,도장,그레이,민자,패브릭,일자형,3연동_paint_gray_none_fabric_bar,assets/sku/diy-door-3연동-도장그레이-민자-패브릭-일자형.png
4,3연동,도장,그레이,가로통간살,투명,원형,3연동_paint_gray_horizontal_clear_circle,assets/sku/diy-door-3연동-도장그레이-가로통간살-투명-원형.png
4,3연동,도장,그레이,가로통간살,투명,일자형,3연동_paint_gray_horizontal_clear_bar,assets/sku/diy-door-3연동-도장그레이-가로통간살-투명-일자형.png
4,3연동,도장,그레이,가로통간살,브론즈,기본형,3연동_paint_gray_horizontal_bronze_none,assets/sku/diy-door-3연동-도장그레이-가로통간살-브론즈-기본형.png
4,3연동,도장,그레이,가로통간살,브론즈,원형,3연동_paint_gray_horizontal_bronze_circle,assets/sku/diy-door-3연동-도장그레이-가로통간살-브론즈-원형.png
4,3연동,도장,그레이,가로통간살,브론즈,일자형,3연동_paint_gray_horizontal_bronze_bar,assets/sku/diy-door-3연동-도장그레이-가로통간살-브론즈-일자형.png
4,3연동,도장,그레이,가로통간살,모루,기본형,3연동_paint_gray_horizontal_moru_none,assets/sku/diy-door-3연동-도장그레이-가로통간살-모루-기본형.png
4,3연동,도장,그레이,가로통간살,모루,원형,3연동_paint_gray_horizontal_moru_circle,assets/sku/diy-door-3연동-도장그레이-가로통간살-모루-원형.png
4,3연동,도장,그레이,가로통간살,모루,일자형,3연동_paint_gray_horizontal_moru_bar,assets/sku/diy-door-3연동-도장그레이-가로통간살-모루-일자형.png
4,3연동,도장,그레이,가로통간살,미스트,기본형,3연동_paint_gray_horizontal_mist_none,assets/sku/diy-door-3연동-도장그레이-가로통간살-미스트-기본형.png
4,3연동,도장,그레이,가로통간살,미스트,원형,3연동_paint_gray_horizontal_mist_circle,assets/sku/diy-door-3연동-도장그레이-가로통간살-미스트-원형.png
4,3연동,도장,그레이,가로통간살,미스트,일자형,3연동_paint_gray_horizontal_mist_bar,assets/sku/diy-door-3연동-도장그레이-가로통간살-미스트-일자형.png
4,3연동,도장,그레이,가로통간살,패브릭,기본형,3연동_paint_gray_horizontal_fabric_none,assets/sku/diy-door-3연동-도장그레이-가로통간살-패브릭-기본형.png
4,3연동,도장,그레이,가로통간살,패브릭,원형,3연동_paint_gray_horizontal_fabric_circle,assets/sku/diy-door-3연동-도장그레이-가로통간살-패브릭-원형.png
4,3연동,도장,그레이,가로통간살,패브릭,일자형,3연동_paint_gray_horizontal_fabric_bar,assets/sku/diy-door-3연동-도장그레이-가로통간살-패브릭-일자형.png
4,3연동,도장,그레이,세로통간살,투명,원형,3연동_paint_gray_vertical_clear_circle,assets/sku/diy-door-3연동-도장그레이-세로통간살-투명-원형.png
4,3연동,도장,그레이,세로통간살,투명,일자형,3연동_paint_gray_vertical_clear_bar,assets/sku/diy-door-3연동-도장그레이-세로통간살-투명-일자형.png
4,3연동,도장,그레이,세로통간살,브론즈,기본형,3연동_paint_gray_vertical_bronze_none,assets/sku/diy-door-3연동-도장그레이-세로통간살-브론즈-기본형.png
4,3연동,도장,그레이,세로통간살,브론즈,원형,3연동_paint_gray_vertical_bronze_circle,assets/sku/diy-door-3연동-도장그레이-세로통간살-브론즈-원형.png
4,3연동,도장,그레이,세로통간살,브론즈,일자형,3연동_paint_gray_vertical_bronze_bar,assets/sku/diy-door-3연동-도장그레이-세로통간살-브론즈-일자형.png
4,3연동,도장,그레이,세로통간살,모루,기본형,3연동_paint_gray_vertical_moru_none,assets/sku/diy-door-3연동-도장그레이-세로통간살-모루-기본형.png
4,3연동,도장,그레이,세로통간살,모루,원형,3연동_paint_gray_vertical_moru_circle,assets/sku/diy-door-3연동-도장그레이-세로통간살-모루-원형.png
4,3연동,도장,그레이,세로통간살,모루,일자형,3연동_paint_gray_vertical_moru_bar,assets/sku/diy-door-3연동-도장그레이-세로통간살-모루-일자형.png
4,3연동,도장,그레이,세로통간살,미스트,기본형,3연동_paint_gray_vertical_mist_none,assets/sku/diy-door-3연동-도장그레이-세로통간살-미스트-기본형.png
4,3연동,도장,그레이,세로통간살,미스트,원형,3연동_paint_gray_vertical_mist_circle,assets/sku/diy-door-3연동-도장그레이-세로통간살-미스트-원형.png
4,3연동,도장,그레이,세로통간살,미스트,일자형,3연동_paint_gray_vertical_mist_bar,assets/sku/diy-door-3연동-도장그레이-세로통간살-미스트-일자형.png
4,3연동,도장,그레이,세로통간살,패브릭,기본형,3연동_paint_gray_vertical_fabric_none,assets/sku/diy-door-3연동-도장그레이-세로통간살-패브릭-기본형.png
4,3연동,도장,그레이,세로통간살,패브릭,원형,3연동_paint_gray_vertical_fabric_circle,assets/sku/diy-door-3연동-도장그레이-세로통간살-패브릭-원형.png
4,3연동,도장,그레이,세로통간살,패브릭,일자형,3연동_paint_gray_vertical_fabric_bar,assets/sku/diy-door-3연동-도장그레이-세로통간살-패브릭-일자형.png
4,3연동,도장,그레이,아치형,투명,원형,3연동_paint_gray_arch_clear_circle,assets/sku/diy-door-3연동-도장그레이-아치형-투명-원형.png
4,3연동,도장,그레이,아치형,투명,일자형,3연동_paint_gray_arch_clear_bar,assets/sku/diy-door-3연동-도장그레이-아치형-투명-일자형.png
4,3연동,도장,그레이,아치형,브론즈,기본형,3연동_paint_gray_arch_bronze_none,assets/sku/diy-door-3연동-도장그레이-아치형-브론즈-기본형.png
4,3연동,도장,그레이,아치형,브론즈,원형,3연동_paint_gray_arch_bronze_circle,assets/sku/diy-door-3연동-도장그레이-아치형-브론즈-원형.png
4,3연동,도장,그레이,아치형,브론즈,일자형,3연동_paint_gray_arch_bronze_bar,assets/sku/diy-door-3연동-도장그레이-아치형-브론즈-일자형.png
4,3연동,도장,그레이,아치형,모루,기본형,3연동_paint_gray_arch_moru_none,assets/sku/diy-door-3연동-도장그레이-아치형-모루-기본형.png
4,3연동,도장,그레이,아치형,모루,원형,3연동_paint_gray_arch_moru_circle,assets/sku/diy-door-3연동-도장그레이-아치형-모루-원형.png
4,3연동,도장,그레이,아치형,모루,일자형,3연동_paint_gray_arch_moru_bar,assets/sku/diy-door-3연동-도장그레이-아치형-모루-일자형.png
4,3연동,도장,그레이,아치형,미스트,기본형,3연동_paint_gray_arch_mist_none,assets/sku/diy-door-3연동-도장그레이-아치형-미스트-기본형.png
4,3연동,도장,그레이,아치형,미스트,원형,3연동_paint_gray_arch_mist_circle,assets/sku/diy-door-3연동-도장그레이-아치형-미스트-원형.png
4,3연동,도장,그레이,아치형,미스트,일자형,3연동_paint_gray_arch_mist_bar,assets/sku/diy-door-3연동-도장그레이-아치형-미스트-일자형.png
4,3연동,도장,그레이,아치형,패브릭,기본형,3연동_paint_gray_arch_fabric_none,assets/sku/diy-door-3연동-도장그레이-아치형-패브릭-기본형.png
4,3연동,도장,그레이,아치형,패브릭,원형,3연동_paint_gray_arch_fabric_circle,assets/sku/diy-door-3연동-도장그레이-아치형-패브릭-원형.png
4,3연동,도장,그레이,아치형,패브릭,일자형,3연동_paint_gray_arch_fabric_bar,assets/sku/diy-door-3연동-도장그레이-아치형-패브릭-일자형.png
4,3연동,도장,블랙,민자,브론즈,원형,3연동_paint_black_none_bronze_circle,assets/sku/diy-door-3연동-도장블랙-민자-브론즈-원형.png
4,3연동,도장,블랙,민자,브론즈,일자형,3연동_paint_black_none_bronze_bar,assets/sku/diy-door-3연동-도장블랙-민자-브론즈-일자형.png
4,3연동,도장,블랙,민자,모루,원형,3연동_paint_black_none_moru_circle,assets/sku/diy-door-3연동-도장블랙-민자-모루-원형.png
4,3연동,도장,블랙,민자,모루,일자형,3연동_paint_black_none_moru_bar,assets/sku/diy-door-3연동-도장블랙-민자-모루-일자형.png
4,3연동,도장,블랙,민자,미스트,원형,3연동_paint_black_none_mist_circle,assets/sku/diy-door-3연동-도장블랙-민자-미스트-원형.png
4,3연동,도장,블랙,민자,미스트,일자형,3연동_paint_black_none_mist_bar,assets/sku/diy-door-3연동-도장블랙-민자-미스트-일자형.png
4,3연동,도장,블랙,민자,패브릭,원형,3연동_paint_black_none_fabric_circle,assets/sku/diy-door-3연동-도장블랙-민자-패브릭-원형.png
4,3연동,도장,블랙,민자,패브릭,일자형,3연동_paint_black_none_fabric_bar,assets/sku/diy-door-3연동-도장블랙-민자-패브릭-일자형.png
4,3연동,도장,블랙,가로통간살,투명,원형,3연동_paint_black_horizontal_clear_circle,assets/sku/diy-door-3연동-도장블랙-가로통간살-투명-원형.png
4,3연동,도장,블랙,가로통간살,투명,일자형,3연동_paint_black_horizontal_clear_bar,assets/sku/diy-door-3연동-도장블랙-가로통간살-투명-일자형.png
4,3연동,도장,블랙,가로통간살,브론즈,기본형,3연동_paint_black_horizontal_bronze_none,assets/sku/diy-door-3연동-도장블랙-가로통간살-브론즈-기본형.png
4,3연동,도장,블랙,가로통간살,브론즈,원형,3연동_paint_black_horizontal_bronze_circle,assets/sku/diy-door-3연동-도장블랙-가로통간살-브론즈-원형.png
4,3연동,도장,블랙,가로통간살,브론즈,일자형,3연동_paint_black_horizontal_bronze_bar,assets/sku/diy-door-3연동-도장블랙-가로통간살-브론즈-일자형.png
4,3연동,도장,블랙,가로통간살,모루,기본형,3연동_paint_black_horizontal_moru_none,assets/sku/diy-door-3연동-도장블랙-가로통간살-모루-기본형.png
4,3연동,도장,블랙,가로통간살,모루,원형,3연동_paint_black_horizontal_moru_circle,assets/sku/diy-door-3연동-도장블랙-가로통간살-모루-원형.png
4,3연동,도장,블랙,가로통간살,모루,일자형,3연동_paint_black_horizontal_moru_bar,assets/sku/diy-door-3연동-도장블랙-가로통간살-모루-일자형.png
4,3연동,도장,블랙,가로통간살,미스트,기본형,3연동_paint_black_horizontal_mist_none,assets/sku/diy-door-3연동-도장블랙-가로통간살-미스트-기본형.png
4,3연동,도장,블랙,가로통간살,미스트,원형,3연동_paint_black_horizontal_mist_circle,assets/sku/diy-door-3연동-도장블랙-가로통간살-미스트-원형.png
4,3연동,도장,블랙,가로통간살,미스트,일자형,3연동_paint_black_horizontal_mist_bar,assets/sku/diy-door-3연동-도장블랙-가로통간살-미스트-일자형.png
4,3연동,도장,블랙,가로통간살,패브릭,기본형,3연동_paint_black_horizontal_fabric_none,assets/sku/diy-door-3연동-도장블랙-가로통간살-패브릭-기본형.png
4,3연동,도장,블랙,가로통간살,패브릭,원형,3연동_paint_black_horizontal_fabric_circle,assets/sku/diy-door-3연동-도장블랙-가로통간살-패브릭-원형.png
4,3연동,도장,블랙,가로통간살,패브릭,일자형,3연동_paint_black_horizontal_fabric_bar,assets/sku/diy-door-3연동-도장블랙-가로통간살-패브릭-일자형.png
4,3연동,도장,블랙,세로통간살,투명,원형,3연동_paint_black_vertical_clear_circle,assets/sku/diy-door-3연동-도장블랙-세로통간살-투명-원형.png
4,3연동,도장,블랙,세로통간살,투명,일자형,3연동_paint_black_vertical_clear_bar,assets/sku/diy-door-3연동-도장블랙-세로통간살-투명-일자형.png
4,3연동,도장,블랙,세로통간살,브론즈,기본형,3연동_paint_black_vertical_bronze_none,assets/sku/diy-door-3연동-도장블랙-세로통간살-브론즈-기본형.png
4,3연동,도장,블랙,세로통간살,브론즈,원형,3연동_paint_black_vertical_bronze_circle,assets/sku/diy-door-3연동-도장블랙-세로통간살-브론즈-원형.png
4,3연동,도장,블랙,세로통간살,브론즈,일자형,3연동_paint_black_vertical_bronze_bar,assets/sku/diy-door-3연동-도장블랙-세로통간살-브론즈-일자형.png
4,3연동,도장,블랙,세로통간살,모루,기본형,3연동_paint_black_vertical_moru_none,assets/sku/diy-door-3연동-도장블랙-세로통간살-모루-기본형.png
4,3연동,도장,블랙,세로통간살,모루,원형,3연동_paint_black_vertical_moru_circle,assets/sku/diy-door-3연동-도장블랙-세로통간살-모루-원형.png
4,3연동,도장,블랙,세로통간살,모루,일자형,3연동_paint_black_vertical_moru_bar,assets/sku/diy-door-3연동-도장블랙-세로통간살-모루-일자형.png
4,3연동,도장,블랙,세로통간살,미스트,기본형,3연동_paint_black_vertical_mist_none,assets/sku/diy-door-3연동-도장블랙-세로통간살-미스트-기본형.png
4,3연동,도장,블랙,세로통간살,미스트,원형,3연동_paint_black_vertical_mist_circle,assets/sku/diy-door-3연동-도장블랙-세로통간살-미스트-원형.png
4,3연동,도장,블랙,세로통간살,미스트,일자형,3연동_paint_black_vertical_mist_bar,assets/sku/diy-door-3연동-도장블랙-세로통간살-미스트-일자형.png
4,3연동,도장,블랙,세로통간살,패브릭,기본형,3연동_paint_black_vertical_fabric_none,assets/sku/diy-door-3연동-도장블랙-세로통간살-패브릭-기본형.png
4,3연동,도장,블랙,세로통간살,패브릭,원형,3연동_paint_black_vertical_fabric_circle,assets/sku/diy-door-3연동-도장블랙-세로통간살-패브릭-원형.png
4,3연동,도장,블랙,세로통간살,패브릭,일자형,3연동_paint_black_vertical_fabric_bar,assets/sku/diy-door-3연동-도장블랙-세로통간살-패브릭-일자형.png
4,3연동,도장,블랙,아치형,투명,원형,3연동_paint_black_arch_clear_circle,assets/sku/diy-door-3연동-도장블랙-아치형-투명-원형.png
4,3연동,도장,블랙,아치형,투명,일자형,3연동_paint_black_arch_clear_bar,assets/sku/diy-door-3연동-도장블랙-아치형-투명-일자형.png
4,3연동,도장,블랙,아치형,브론즈,기본형,3연동_paint_black_arch_bronze_none,assets/sku/diy-door-3연동-도장블랙-아치형-브론즈-기본형.png
4,3연동,도장,블랙,아치형,브론즈,원형,3연동_paint_black_arch_bronze_circle,assets/sku/diy-door-3연동-도장블랙-아치형-브론즈-원형.png
4,3연동,도장,블랙,아치형,브론즈,일자형,3연동_paint_black_arch_bronze_bar,assets/sku/diy-door-3연동-도장블랙-아치형-브론즈-일자형.png
4,3연동,도장,블랙,아치형,모루,기본형,3연동_paint_black_arch_moru_none,assets/sku/diy-door-3연동-도장블랙-아치형-모루-기본형.png
4,3연동,도장,블랙,아치형,모루,원형,3연동_paint_black_arch_moru_circle,assets/sku/diy-door-3연동-도장블랙-아치형-모루-원형.png
4,3연동,도장,블랙,아치형,모루,일자형,3연동_paint_black_arch_moru_bar,assets/sku/diy-door-3연동-도장블랙-아치형-모루-일자형.png
4,3연동,도장,블랙,아치형,미스트,기본형,3연동_paint_black_arch_mist_none,assets/sku/diy-door-3연동-도장블랙-아치형-미스트-기본형.png
4,3연동,도장,블랙,아치형,미스트,원형,3연동_paint_black_arch_mist_circle,assets/sku/diy-door-3연동-도장블랙-아치형-미스트-원형.png
4,3연동,도장,블랙,아치형,미스트,일자형,3연동_paint_black_arch_mist_bar,assets/sku/diy-door-3연동-도장블랙-아치형-미스트-일자형.png
4,3연동,도장,블랙,아치형,패브릭,기본형,3연동_paint_black_arch_fabric_none,assets/sku/diy-door-3연동-도장블랙-아치형-패브릭-기본형.png
4,3연동,도장,블랙,아치형,패브릭,원형,3연동_paint_black_arch_fabric_circle,assets/sku/diy-door-3연동-도장블랙-아치형-패브릭-원형.png
4,3연동,도장,블랙,아치형,패브릭,일자형,3연동_paint_black_arch_fabric_bar,assets/sku/diy-door-3연동-도장블랙-아치형-패브릭-일자형.png
4,3연동,필름,화이트,민자,브론즈,원형,3연동_film_white_none_bronze_circle,assets/sku/diy-door-3연동-필름화이트-민자-브론즈-원형.png
4,3연동,필름,화이트,민자,브론즈,일자형,3연동_film_white_none_bronze_bar,assets/sku/diy-door-3연동-필름화이트-민자-브론즈-일자형.png
4,3연동,필름,화이트,민자,모루,원형,3연동_film_white_none_moru_circle,assets/sku/diy-door-3연동-필름화이트-민자-모루-원형.png
4,3연동,필름,화이트,민자,모루,일자형,3연동_film_white_none_moru_bar,assets/sku/diy-door-3연동-필름화이트-민자-모루-일자형.png
4,3연동,필름,화이트,민자,미스트,원형,3연동_film_white_none_mist_circle,assets/sku/diy-door-3연동-필름화이트-민자-미스트-원형.png
4,3연동,필름,화이트,민자,미스트,일자형,3연동_film_white_none_mist_bar,assets/sku/diy-door-3연동-필름화이트-민자-미스트-일자형.png
4,3연동,필름,화이트,민자,패브릭,원형,3연동_film_white_none_fabric_circle,assets/sku/diy-door-3연동-필름화이트-민자-패브릭-원형.png
4,3연동,필름,화이트,민자,패브릭,일자형,3연동_film_white_none_fabric_bar,assets/sku/diy-door-3연동-필름화이트-민자-패브릭-일자형.png
4,3연동,필름,화이트,가로통간살,투명,원형,3연동_film_white_horizontal_clear_circle,assets/sku/diy-door-3연동-필름화이트-가로통간살-투명-원형.png
4,3연동,필름,화이트,가로통간살,투명,일자형,3연동_film_white_horizontal_clear_bar,assets/sku/diy-door-3연동-필름화이트-가로통간살-투명-일자형.png
4,3연동,필름,화이트,가로통간살,브론즈,기본형,3연동_film_white_horizontal_bronze_none,assets/sku/diy-door-3연동-필름화이트-가로통간살-브론즈-기본형.png
4,3연동,필름,화이트,가로통간살,브론즈,원형,3연동_film_white_horizontal_bronze_circle,assets/sku/diy-door-3연동-필름화이트-가로통간살-브론즈-원형.png
4,3연동,필름,화이트,가로통간살,브론즈,일자형,3연동_film_white_horizontal_bronze_bar,assets/sku/diy-door-3연동-필름화이트-가로통간살-브론즈-일자형.png
4,3연동,필름,화이트,가로통간살,모루,기본형,3연동_film_white_horizontal_moru_none,assets/sku/diy-door-3연동-필름화이트-가로통간살-모루-기본형.png
4,3연동,필름,화이트,가로통간살,모루,원형,3연동_film_white_horizontal_moru_circle,assets/sku/diy-door-3연동-필름화이트-가로통간살-모루-원형.png
4,3연동,필름,화이트,가로통간살,모루,일자형,3연동_film_white_horizontal_moru_bar,assets/sku/diy-door-3연동-필름화이트-가로통간살-모루-일자형.png
4,3연동,필름,화이트,가로통간살,미스트,기본형,3연동_film_white_horizontal_mist_none,assets/sku/diy-door-3연동-필름화이트-가로통간살-미스트-기본형.png
4,3연동,필름,화이트,가로통간살,미스트,원형,3연동_film_white_horizontal_mist_circle,assets/sku/diy-door-3연동-필름화이트-가로통간살-미스트-원형.png
4,3연동,필름,화이트,가로통간살,미스트,일자형,3연동_film_white_horizontal_mist_bar,assets/sku/diy-door-3연동-필름화이트-가로통간살-미스트-일자형.png
4,3연동,필름,화이트,가로통간살,패브릭,기본형,3연동_film_white_horizontal_fabric_none,assets/sku/diy-door-3연동-필름화이트-가로통간살-패브릭-기본형.png
4,3연동,필름,화이트,가로통간살,패브릭,원형,3연동_film_white_horizontal_fabric_circle,assets/sku/diy-door-3연동-필름화이트-가로통간살-패브릭-원형.png
4,3연동,필름,화이트,가로통간살,패브릭,일자형,3연동_film_white_horizontal_fabric_bar,assets/sku/diy-door-3연동-필름화이트-가로통간살-패브릭-일자형.png
4,3연동,필름,화이트,세로통간살,투명,원형,3연동_film_white_vertical_clear_circle,assets/sku/diy-door-3연동-필름화이트-세로통간살-투명-원형.png
4,3연동,필름,화이트,세로통간살,투명,일자형,3연동_film_white_vertical_clear_bar,assets/sku/diy-door-3연동-필름화이트-세로통간살-투명-일자형.png
4,3연동,필름,화이트,세로통간살,브론즈,기본형,3연동_film_white_vertical_bronze_none,assets/sku/diy-door-3연동-필름화이트-세로통간살-브론즈-기본형.png
4,3연동,필름,화이트,세로통간살,브론즈,원형,3연동_film_white_vertical_bronze_circle,assets/sku/diy-door-3연동-필름화이트-세로통간살-브론즈-원형.png
4,3연동,필름,화이트,세로통간살,브론즈,일자형,3연동_film_white_vertical_bronze_bar,assets/sku/diy-door-3연동-필름화이트-세로통간살-브론즈-일자형.png
4,3연동,필름,화이트,세로통간살,모루,기본형,3연동_film_white_vertical_moru_none,assets/sku/diy-door-3연동-필름화이트-세로통간살-모루-기본형.png
4,3연동,필름,화이트,세로통간살,모루,원형,3연동_film_white_vertical_moru_circle,assets/sku/diy-door-3연동-필름화이트-세로통간살-모루-원형.png
4,3연동,필름,화이트,세로통간살,모루,일자형,3연동_film_white_vertical_moru_bar,assets/sku/diy-door-3연동-필름화이트-세로통간살-모루-일자형.png
4,3연동,필름,화이트,세로통간살,미스트,기본형,3연동_film_white_vertical_mist_none,assets/sku/diy-door-3연동-필름화이트-세로통간살-미스트-기본형.png
4,3연동,필름,화이트,세로통간살,미스트,원형,3연동_film_white_vertical_mist_circle,assets/sku/diy-door-3연동-필름화이트-세로통간살-미스트-원형.png
4,3연동,필름,화이트,세로통간살,미스트,일자형,3연동_film_white_vertical_mist_bar,assets/sku/diy-door-3연동-필름화이트-세로통간살-미스트-일자형.png
4,3연동,필름,화이트,세로통간살,패브릭,기본형,3연동_film_white_vertical_fabric_none,assets/sku/diy-door-3연동-필름화이트-세로통간살-패브릭-기본형.png
4,3연동,필름,화이트,세로통간살,패브릭,원형,3연동_film_white_vertical_fabric_circle,assets/sku/diy-door-3연동-필름화이트-세로통간살-패브릭-원형.png
4,3연동,필름,화이트,세로통간살,패브릭,일자형,3연동_film_white_vertical_fabric_bar,assets/sku/diy-door-3연동-필름화이트-세로통간살-패브릭-일자형.png
4,3연동,필름,화이트,아치형,투명,원형,3연동_film_white_arch_clear_circle,assets/sku/diy-door-3연동-필름화이트-아치형-투명-원형.png
4,3연동,필름,화이트,아치형,투명,일자형,3연동_film_white_arch_clear_bar,assets/sku/diy-door-3연동-필름화이트-아치형-투명-일자형.png
4,3연동,필름,화이트,아치형,브론즈,기본형,3연동_film_white_arch_bronze_none,assets/sku/diy-door-3연동-필름화이트-아치형-브론즈-기본형.png
4,3연동,필름,화이트,아치형,브론즈,원형,3연동_film_white_arch_bronze_circle,assets/sku/diy-door-3연동-필름화이트-아치형-브론즈-원형.png
4,3연동,필름,화이트,아치형,브론즈,일자형,3연동_film_white_arch_bronze_bar,assets/sku/diy-door-3연동-필름화이트-아치형-브론즈-일자형.png
4,3연동,필름,화이트,아치형,모루,기본형,3연동_film_white_arch_moru_none,assets/sku/diy-door-3연동-필름화이트-아치형-모루-기본형.png
4,3연동,필름,화이트,아치형,모루,원형,3연동_film_white_arch_moru_circle,assets/sku/diy-door-3연동-필름화이트-아치형-모루-원형.png
4,3연동,필름,화이트,아치형,모루,일자형,3연동_film_white_arch_moru_bar,assets/sku/diy-door-3연동-필름화이트-아치형-모루-일자형.png
4,3연동,필름,화이트,아치형,미스트,기본형,3연동_film_white_arch_mist_none,assets/sku/diy-door-3연동-필름화이트-아치형-미스트-기본형.png
4,3연동,필름,화이트,아치형,미스트,원형,3연동_film_white_arch_mist_circle,assets/sku/diy-door-3연동-필름화이트-아치형-미스트-원형.png
4,3연동,필름,화이트,아치형,미스트,일자형,3연동_film_white_arch_mist_bar,assets/sku/diy-door-3연동-필름화이트-아치형-미스트-일자형.png
4,3연동,필름,화이트,아치형,패브릭,기본형,3연동_film_white_arch_fabric_none,assets/sku/diy-door-3연동-필름화이트-아치형-패브릭-기본형.png
4,3연동,필름,화이트,아치형,패브릭,원형,3연동_film_white_arch_fabric_circle,assets/sku/diy-door-3연동-필름화이트-아치형-패브릭-원형.png
4,3연동,필름,화이트,아치형,패브릭,일자형,3연동_film_white_arch_fabric_bar,assets/sku/diy-door-3연동-필름화이트-아치형-패브릭-일자형.png
4,3연동,필름,그레이,민자,브론즈,원형,3연동_film_gray_none_bronze_circle,assets/sku/diy-door-3연동-필름그레이-민자-브론즈-원형.png
4,3연동,필름,그레이,민자,브론즈,일자형,3연동_film_gray_none_bronze_bar,assets/sku/diy-door-3연동-필름그레이-민자-브론즈-일자형.png
4,3연동,필름,그레이,민자,모루,원형,3연동_film_gray_none_moru_circle,assets/sku/diy-door-3연동-필름그레이-민자-모루-원형.png
4,3연동,필름,그레이,민자,모루,일자형,3연동_film_gray_none_moru_bar,assets/sku/diy-door-3연동-필름그레이-민자-모루-일자형.png
4,3연동,필름,그레이,민자,미스트,원형,3연동_film_gray_none_mist_circle,assets/sku/diy-door-3연동-필름그레이-민자-미스트-원형.png
4,3연동,필름,그레이,민자,미스트,일자형,3연동_film_gray_none_mist_bar,assets/sku/diy-door-3연동-필름그레이-민자-미스트-일자형.png
4,3연동,필름,그레이,민자,패브릭,원형,3연동_film_gray_none_fabric_circle,assets/sku/diy-door-3연동-필름그레이-민자-패브릭-원형.png
4,3연동,필름,그레이,민자,패브릭,일자형,3연동_film_gray_none_fabric_bar,assets/sku/diy-door-3연동-필름그레이-민자-패브릭-일자형.png
4,3연동,필름,그레이,가로통간살,투명,원형,3연동_film_gray_horizontal_clear_circle,assets/sku/diy-door-3연동-필름그레이-가로통간살-투명-원형.png
4,3연동,필름,그레이,가로통간살,투명,일자형,3연동_film_gray_horizontal_clear_bar,assets/sku/diy-door-3연동-필름그레이-가로통간살-투명-일자형.png
4,3연동,필름,그레이,가로통간살,브론즈,기본형,3연동_film_gray_horizontal_bronze_none,assets/sku/diy-door-3연동-필름그레이-가로통간살-브론즈-기본형.png
4,3연동,필름,그레이,가로통간살,브론즈,원형,3연동_film_gray_horizontal_bronze_circle,assets/sku/diy-door-3연동-필름그레이-가로통간살-브론즈-원형.png
4,3연동,필름,그레이,가로통간살,브론즈,일자형,3연동_film_gray_horizontal_bronze_bar,assets/sku/diy-door-3연동-필름그레이-가로통간살-브론즈-일자형.png
4,3연동,필름,그레이,가로통간살,모루,기본형,3연동_film_gray_horizontal_moru_none,assets/sku/diy-door-3연동-필름그레이-가로통간살-모루-기본형.png
4,3연동,필름,그레이,가로통간살,모루,원형,3연동_film_gray_horizontal_moru_circle,assets/sku/diy-door-3연동-필름그레이-가로통간살-모루-원형.png
4,3연동,필름,그레이,가로통간살,모루,일자형,3연동_film_gray_horizontal_moru_bar,assets/sku/diy-door-3연동-필름그레이-가로통간살-모루-일자형.png
4,3연동,필름,그레이,가로통간살,미스트,기본형,3연동_film_gray_horizontal_mist_none,assets/sku/diy-door-3연동-필름그레이-가로통간살-미스트-기본형.png
4,3연동,필름,그레이,가로통간살,미스트,원형,3연동_film_gray_horizontal_mist_circle,assets/sku/diy-door-3연동-필름그레이-가로통간살-미스트-원형.png
4,3연동,필름,그레이,가로통간살,미스트,일자형,3연동_film_gray_horizontal_mist_bar,assets/sku/diy-door-3연동-필름그레이-가로통간살-미스트-일자형.png
4,3연동,필름,그레이,가로통간살,패브릭,기본형,3연동_film_gray_horizontal_fabric_none,assets/sku/diy-door-3연동-필름그레이-가로통간살-패브릭-기본형.png
4,3연동,필름,그레이,가로통간살,패브릭,원형,3연동_film_gray_horizontal_fabric_circle,assets/sku/diy-door-3연동-필름그레이-가로통간살-패브릭-원형.png
4,3연동,필름,그레이,가로통간살,패브릭,일자형,3연동_film_gray_horizontal_fabric_bar,assets/sku/diy-door-3연동-필름그레이-가로통간살-패브릭-일자형.png
4,3연동,필름,그레이,세로통간살,투명,원형,3연동_film_gray_vertical_clear_circle,assets/sku/diy-door-3연동-필름그레이-세로통간살-투명-원형.png
4,3연동,필름,그레이,세로통간살,투명,일자형,3연동_film_gray_vertical_clear_bar,assets/sku/diy-door-3연동-필름그레이-세로통간살-투명-일자형.png
4,3연동,필름,그레이,세로통간살,브론즈,기본형,3연동_film_gray_vertical_bronze_none,assets/sku/diy-door-3연동-필름그레이-세로통간살-브론즈-기본형.png
4,3연동,필름,그레이,세로통간살,브론즈,원형,3연동_film_gray_vertical_bronze_circle,assets/sku/diy-door-3연동-필름그레이-세로통간살-브론즈-원형.png
4,3연동,필름,그레이,세로통간살,브론즈,일자형,3연동_film_gray_vertical_bronze_bar,assets/sku/diy-door-3연동-필름그레이-세로통간살-브론즈-일자형.png
4,3연동,필름,그레이,세로통간살,모루,기본형,3연동_film_gray_vertical_moru_none,assets/sku/diy-door-3연동-필름그레이-세로통간살-모루-기본형.png
4,3연동,필름,그레이,세로통간살,모루,원형,3연동_film_gray_vertical_moru_circle,assets/sku/diy-door-3연동-필름그레이-세로통간살-모루-원형.png
4,3연동,필름,그레이,세로통간살,모루,일자형,3연동_film_gray_vertical_moru_bar,assets/sku/diy-door-3연동-필름그레이-세로통간살-모루-일자형.png
4,3연동,필름,그레이,세로통간살,미스트,기본형,3연동_film_gray_vertical_mist_none,assets/sku/diy-door-3연동-필름그레이-세로통간살-미스트-기본형.png
4,3연동,필름,그레이,세로통간살,미스트,원형,3연동_film_gray_vertical_mist_circle,assets/sku/diy-door-3연동-필름그레이-세로통간살-미스트-원형.png
4,3연동,필름,그레이,세로통간살,미스트,일자형,3연동_film_gray_vertical_mist_bar,assets/sku/diy-door-3연동-필름그레이-세로통간살-미스트-일자형.png
4,3연동,필름,그레이,세로통간살,패브릭,기본형,3연동_film_gray_vertical_fabric_none,assets/sku/diy-door-3연동-필름그레이-세로통간살-패브릭-기본형.png
4,3연동,필름,그레이,세로통간살,패브릭,원형,3연동_film_gray_vertical_fabric_circle,assets/sku/diy-door-3연동-필름그레이-세로통간살-패브릭-원형.png
4,3연동,필름,그레이,세로통간살,패브릭,일자형,3연동_film_gray_vertical_fabric_bar,assets/sku/diy-door-3연동-필름그레이-세로통간살-패브릭-일자형.png
4,3연동,필름,그레이,아치형,투명,원형,3연동_film_gray_arch_clear_circle,assets/sku/diy-door-3연동-필름그레이-아치형-투명-원형.png
4,3연동,필름,그레이,아치형,투명,일자형,3연동_film_gray_arch_clear_bar,assets/sku/diy-door-3연동-필름그레이-아치형-투명-일자형.png
4,3연동,필름,그레이,아치형,브론즈,기본형,3연동_film_gray_arch_bronze_none,assets/sku/diy-door-3연동-필름그레이-아치형-브론즈-기본형.png
4,3연동,필름,그레이,아치형,브론즈,원형,3연동_film_gray_arch_bronze_circle,assets/sku/diy-door-3연동-필름그레이-아치형-브론즈-원형.png
4,3연동,필름,그레이,아치형,브론즈,일자형,3연동_film_gray_arch_bronze_bar,assets/sku/diy-door-3연동-필름그레이-아치형-브론즈-일자형.png
4,3연동,필름,그레이,아치형,모루,기본형,3연동_film_gray_arch_moru_none,assets/sku/diy-door-3연동-필름그레이-아치형-모루-기본형.png
4,3연동,필름,그레이,아치형,모루,원형,3연동_film_gray_arch_moru_circle,assets/sku/diy-door-3연동-필름그레이-아치형-모루-원형.png
4,3연동,필름,그레이,아치형,모루,일자형,3연동_film_gray_arch_moru_bar,assets/sku/diy-door-3연동-필름그레이-아치형-모루-일자형.png
4,3연동,필름,그레이,아치형,미스트,기본형,3연동_film_gray_arch_mist_none,assets/sku/diy-door-3연동-필름그레이-아치형-미스트-기본형.png
4,3연동,필름,그레이,아치형,미스트,원형,3연동_film_gray_arch_mist_circle,assets/sku/diy-door-3연동-필름그레이-아치형-미스트-원형.png
4,3연동,필름,그레이,아치형,미스트,일자형,3연동_film_gray_arch_mist_bar,assets/sku/diy-door-3연동-필름그레이-아치형-미스트-일자형.png
4,3연동,필름,그레이,아치형,패브릭,기본형,3연동_film_gray_arch_fabric_none,assets/sku/diy-door-3연동-필름그레이-아치형-패브릭-기본형.png
4,3연동,필름,그레이,아치형,패브릭,원형,3연동_film_gray_arch_fabric_circle,assets/sku/diy-door-3연동-필름그레이-아치형-패브릭-원형.png
4,3연동,필름,그레이,아치형,패브릭,일자형,3연동_film_gray_arch_fabric_bar,assets/sku/diy-door-3연동-필름그레이-아치형-패브릭-일자형.png
4,3연동,필름,블랙,민자,브론즈,원형,3연동_film_black_none_bronze_circle,assets/sku/diy-door-3연동-필름블랙-민자-브론즈-원형.png
4,3연동,필름,블랙,민자,브론즈,일자형,3연동_film_black_none_bronze_bar,assets/sku/diy-door-3연동-필름블랙-민자-브론즈-일자형.png
4,3연동,필름,블랙,민자,모루,원형,3연동_film_black_none_moru_circle,assets/sku/diy-door-3연동-필름블랙-민자-모루-원형.png
4,3연동,필름,블랙,민자,모루,일자형,3연동_film_black_none_moru_bar,assets/sku/diy-door-3연동-필름블랙-민자-모루-일자형.png
4,3연동,필름,블랙,민자,미스트,원형,3연동_film_black_none_mist_circle,assets/sku/diy-door-3연동-필름블랙-민자-미스트-원형.png
4,3연동,필름,블랙,민자,미스트,일자형,3연동_film_black_none_mist_bar,assets/sku/diy-door-3연동-필름블랙-민자-미스트-일자형.png
4,3연동,필름,블랙,민자,패브릭,원형,3연동_film_black_none_fabric_circle,assets/sku/diy-door-3연동-필름블랙-민자-패브릭-원형.png
4,3연동,필름,블랙,민자,패브릭,일자형,3연동_film_black_none_fabric_bar,assets/sku/diy-door-3연동-필름블랙-민자-패브릭-일자형.png
4,3연동,필름,블랙,가로통간살,투명,원형,3연동_film_black_horizontal_clear_circle,assets/sku/diy-door-3연동-필름블랙-가로통간살-투명-원형.png
4,3연동,필름,블랙,가로통간살,투명,일자형,3연동_film_black_horizontal_clear_bar,assets/sku/diy-door-3연동-필름블랙-가로통간살-투명-일자형.png
4,3연동,필름,블랙,가로통간살,브론즈,기본형,3연동_film_black_horizontal_bronze_none,assets/sku/diy-door-3연동-필름블랙-가로통간살-브론즈-기본형.png
4,3연동,필름,블랙,가로통간살,브론즈,원형,3연동_film_black_horizontal_bronze_circle,assets/sku/diy-door-3연동-필름블랙-가로통간살-브론즈-원형.png
4,3연동,필름,블랙,가로통간살,브론즈,일자형,3연동_film_black_horizontal_bronze_bar,assets/sku/diy-door-3연동-필름블랙-가로통간살-브론즈-일자형.png
4,3연동,필름,블랙,가로통간살,모루,기본형,3연동_film_black_horizontal_moru_none,assets/sku/diy-door-3연동-필름블랙-가로통간살-모루-기본형.png
4,3연동,필름,블랙,가로통간살,모루,원형,3연동_film_black_horizontal_moru_circle,assets/sku/diy-door-3연동-필름블랙-가로통간살-모루-원형.png
4,3연동,필름,블랙,가로통간살,모루,일자형,3연동_film_black_horizontal_moru_bar,assets/sku/diy-door-3연동-필름블랙-가로통간살-모루-일자형.png
4,3연동,필름,블랙,가로통간살,미스트,기본형,3연동_film_black_horizontal_mist_none,assets/sku/diy-door-3연동-필름블랙-가로통간살-미스트-기본형.png
4,3연동,필름,블랙,가로통간살,미스트,원형,3연동_film_black_horizontal_mist_circle,assets/sku/diy-door-3연동-필름블랙-가로통간살-미스트-원형.png
4,3연동,필름,블랙,가로통간살,미스트,일자형,3연동_film_black_horizontal_mist_bar,assets/sku/diy-door-3연동-필름블랙-가로통간살-미스트-일자형.png
4,3연동,필름,블랙,가로통간살,패브릭,기본형,3연동_film_black_horizontal_fabric_none,assets/sku/diy-door-3연동-필름블랙-가로통간살-패브릭-기본형.png
4,3연동,필름,블랙,가로통간살,패브릭,원형,3연동_film_black_horizontal_fabric_circle,assets/sku/diy-door-3연동-필름블랙-가로통간살-패브릭-원형.png
4,3연동,필름,블랙,가로통간살,패브릭,일자형,3연동_film_black_horizontal_fabric_bar,assets/sku/diy-door-3연동-필름블랙-가로통간살-패브릭-일자형.png
4,3연동,필름,블랙,세로통간살,투명,원형,3연동_film_black_vertical_clear_circle,assets/sku/diy-door-3연동-필름블랙-세로통간살-투명-원형.png
4,3연동,필름,블랙,세로통간살,투명,일자형,3연동_film_black_vertical_clear_bar,assets/sku/diy-door-3연동-필름블랙-세로통간살-투명-일자형.png
4,3연동,필름,블랙,세로통간살,브론즈,기본형,3연동_film_black_vertical_bronze_none,assets/sku/diy-door-3연동-필름블랙-세로통간살-브론즈-기본형.png
4,3연동,필름,블랙,세로통간살,브론즈,원형,3연동_film_black_vertical_bronze_circle,assets/sku/diy-door-3연동-필름블랙-세로통간살-브론즈-원형.png
4,3연동,필름,블랙,세로통간살,브론즈,일자형,3연동_film_black_vertical_bronze_bar,assets/sku/diy-door-3연동-필름블랙-세로통간살-브론즈-일자형.png
4,3연동,필름,블랙,세로통간살,모루,기본형,3연동_film_black_vertical_moru_none,assets/sku/diy-door-3연동-필름블랙-세로통간살-모루-기본형.png
4,3연동,필름,블랙,세로통간살,모루,원형,3연동_film_black_vertical_moru_circle,assets/sku/diy-door-3연동-필름블랙-세로통간살-모루-원형.png
4,3연동,필름,블랙,세로통간살,모루,일자형,3연동_film_black_vertical_moru_bar,assets/sku/diy-door-3연동-필름블랙-세로통간살-모루-일자형.png
4,3연동,필름,블랙,세로통간살,미스트,기본형,3연동_film_black_vertical_mist_none,assets/sku/diy-door-3연동-필름블랙-세로통간살-미스트-기본형.png
4,3연동,필름,블랙,세로통간살,미스트,원형,3연동_film_black_vertical_mist_circle,assets/sku/diy-door-3연동-필름블랙-세로통간살-미스트-원형.png
4,3연동,필름,블랙,세로통간살,미스트,일자형,3연동_film_black_vertical_mist_bar,assets/sku/diy-door-3연동-필름블랙-세로통간살-미스트-일자형.png
4,3연동,필름,블랙,세로통간살,패브릭,기본형,3연동_film_black_vertical_fabric_none,assets/sku/diy-door-3연동-필름블랙-세로통간살-패브릭-기본형.png
4,3연동,필름,블랙,세로통간살,패브릭,원형,3연동_film_black_vertical_fabric_circle,assets/sku/diy-door-3연동-필름블랙-세로통간살-패브릭-원형.png
4,3연동,필름,블랙,세로통간살,패브릭,일자형,3연동_film_black_vertical_fabric_bar,assets/sku/diy-door-3연동-필름블랙-세로통간살-패브릭-일자형.png
4,3연동,필름,블랙,아치형,투명,원형,3연동_film_black_arch_clear_circle,assets/sku/diy-door-3연동-필름블랙-아치형-투명-원형.png
4,3연동,필름,블랙,아치형,투명,일자형,3연동_film_black_arch_clear_bar,assets/sku/diy-door-3연동-필름블랙-아치형-투명-일자형.png
4,3연동,필름,블랙,아치형,브론즈,기본형,3연동_film_black_arch_bronze_none,assets/sku/diy-door-3연동-필름블랙-아치형-브론즈-기본형.png
4,3연동,필름,블랙,아치형,브론즈,원형,3연동_film_black_arch_bronze_circle,assets/sku/diy-door-3연동-필름블랙-아치형-브론즈-원형.png
4,3연동,필름,블랙,아치형,브론즈,일자형,3연동_film_black_arch_bronze_bar,assets/sku/diy-door-3연동-필름블랙-아치형-브론즈-일자형.png
4,3연동,필름,블랙,아치형,모루,기본형,3연동_film_black_arch_moru_none,assets/sku/diy-door-3연동-필름블랙-아치형-모루-기본형.png
4,3연동,필름,블랙,아치형,모루,원형,3연동_film_black_arch_moru_circle,assets/sku/diy-door-3연동-필름블랙-아치형-모루-원형.png
4,3연동,필름,블랙,아치형,모루,일자형,3연동_film_black_arch_moru_bar,assets/sku/diy-door-3연동-필름블랙-아치형-모루-일자형.png
4,3연동,필름,블랙,아치형,미스트,기본형,3연동_film_black_arch_mist_none,assets/sku/diy-door-3연동-필름블랙-아치형-미스트-기본형.png
4,3연동,필름,블랙,아치형,미스트,원형,3연동_film_black_arch_mist_circle,assets/sku/diy-door-3연동-필름블랙-아치형-미스트-원형.png
4,3연동,필름,블랙,아치형,미스트,일자형,3연동_film_black_arch_mist_bar,assets/sku/diy-door-3연동-필름블랙-아치형-미스트-일자형.png
4,3연동,필름,블랙,아치형,패브릭,기본형,3연동_film_black_arch_fabric_none,assets/sku/diy-door-3연동-필름블랙-아치형-패브릭-기본형.png
4,3연동,필름,블랙,아치형,패브릭,원형,3연동_film_black_arch_fabric_circle,assets/sku/diy-door-3연동-필름블랙-아치형-패브릭-원형.png
4,3연동,필름,블랙,아치형,패브릭,일자형,3연동_film_black_arch_fabric_bar,assets/sku/diy-door-3연동-필름블랙-아치형-패브릭-일자형.png
4,원슬라이딩,도장,화이트,가로통간살,브론즈,원형,원슬라이딩_paint_white_horizontal_bronze_circle,assets/sku/diy-door-원슬라이딩-도장화이트-가로통간살-브론즈-원형.png
4,원슬라이딩,도장,화이트,가로통간살,브론즈,일자형,원슬라이딩_paint_white_horizontal_bronze_bar,assets/sku/diy-door-원슬라이딩-도장화이트-가로통간살-브론즈-일자형.png
4,원슬라이딩,도장,화이트,가로통간살,모루,원형,원슬라이딩_paint_white_horizontal_moru_circle,assets/sku/diy-door-원슬라이딩-도장화이트-가로통간살-모루-원형.png
4,원슬라이딩,도장,화이트,가로통간살,모루,일자형,원슬라이딩_paint_white_horizontal_moru_bar,assets/sku/diy-door-원슬라이딩-도장화이트-가로통간살-모루-일자형.png
4,원슬라이딩,도장,화이트,가로통간살,미스트,원형,원슬라이딩_paint_white_horizontal_mist_circle,assets/sku/diy-door-원슬라이딩-도장화이트-가로통간살-미스트-원형.png
4,원슬라이딩,도장,화이트,가로통간살,미스트,일자형,원슬라이딩_paint_white_horizontal_mist_bar,assets/sku/diy-door-원슬라이딩-도장화이트-가로통간살-미스트-일자형.png
4,원슬라이딩,도장,화이트,가로통간살,패브릭,원형,원슬라이딩_paint_white_horizontal_fabric_circle,assets/sku/diy-door-원슬라이딩-도장화이트-가로통간살-패브릭-원형.png
4,원슬라이딩,도장,화이트,가로통간살,패브릭,일자형,원슬라이딩_paint_white_horizontal_fabric_bar,assets/sku/diy-door-원슬라이딩-도장화이트-가로통간살-패브릭-일자형.png
4,원슬라이딩,도장,화이트,세로통간살,브론즈,원형,원슬라이딩_paint_white_vertical_bronze_circle,assets/sku/diy-door-원슬라이딩-도장화이트-세로통간살-브론즈-원형.png
4,원슬라이딩,도장,화이트,세로통간살,브론즈,일자형,원슬라이딩_paint_white_vertical_bronze_bar,assets/sku/diy-door-원슬라이딩-도장화이트-세로통간살-브론즈-일자형.png
4,원슬라이딩,도장,화이트,세로통간살,모루,원형,원슬라이딩_paint_white_vertical_moru_circle,assets/sku/diy-door-원슬라이딩-도장화이트-세로통간살-모루-원형.png
4,원슬라이딩,도장,화이트,세로통간살,모루,일자형,원슬라이딩_paint_white_vertical_moru_bar,assets/sku/diy-door-원슬라이딩-도장화이트-세로통간살-모루-일자형.png
4,원슬라이딩,도장,화이트,세로통간살,미스트,원형,원슬라이딩_paint_white_vertical_mist_circle,assets/sku/diy-door-원슬라이딩-도장화이트-세로통간살-미스트-원형.png
4,원슬라이딩,도장,화이트,세로통간살,미스트,일자형,원슬라이딩_paint_white_vertical_mist_bar,assets/sku/diy-door-원슬라이딩-도장화이트-세로통간살-미스트-일자형.png
4,원슬라이딩,도장,화이트,세로통간살,패브릭,원형,원슬라이딩_paint_white_vertical_fabric_circle,assets/sku/diy-door-원슬라이딩-도장화이트-세로통간살-패브릭-원형.png
4,원슬라이딩,도장,화이트,세로통간살,패브릭,일자형,원슬라이딩_paint_white_vertical_fabric_bar,assets/sku/diy-door-원슬라이딩-도장화이트-세로통간살-패브릭-일자형.png
4,원슬라이딩,도장,화이트,아치형,브론즈,원형,원슬라이딩_paint_white_arch_bronze_circle,assets/sku/diy-door-원슬라이딩-도장화이트-아치형-브론즈-원형.png
4,원슬라이딩,도장,화이트,아치형,브론즈,일자형,원슬라이딩_paint_white_arch_bronze_bar,assets/sku/diy-door-원슬라이딩-도장화이트-아치형-브론즈-일자형.png
4,원슬라이딩,도장,화이트,아치형,모루,원형,원슬라이딩_paint_white_arch_moru_circle,assets/sku/diy-door-원슬라이딩-도장화이트-아치형-모루-원형.png
4,원슬라이딩,도장,화이트,아치형,모루,일자형,원슬라이딩_paint_white_arch_moru_bar,assets/sku/diy-door-원슬라이딩-도장화이트-아치형-모루-일자형.png
4,원슬라이딩,도장,화이트,아치형,미스트,원형,원슬라이딩_paint_white_arch_mist_circle,assets/sku/diy-door-원슬라이딩-도장화이트-아치형-미스트-원형.png
4,원슬라이딩,도장,화이트,아치형,미스트,일자형,원슬라이딩_paint_white_arch_mist_bar,assets/sku/diy-door-원슬라이딩-도장화이트-아치형-미스트-일자형.png
4,원슬라이딩,도장,화이트,아치형,패브릭,원형,원슬라이딩_paint_white_arch_fabric_circle,assets/sku/diy-door-원슬라이딩-도장화이트-아치형-패브릭-원형.png
4,원슬라이딩,도장,화이트,아치형,패브릭,일자형,원슬라이딩_paint_white_arch_fabric_bar,assets/sku/diy-door-원슬라이딩-도장화이트-아치형-패브릭-일자형.png
4,원슬라이딩,도장,그레이,민자,브론즈,원형,원슬라이딩_paint_gray_none_bronze_circle,assets/sku/diy-door-원슬라이딩-도장그레이-민자-브론즈-원형.png
4,원슬라이딩,도장,그레이,민자,브론즈,일자형,원슬라이딩_paint_gray_none_bronze_bar,assets/sku/diy-door-원슬라이딩-도장그레이-민자-브론즈-일자형.png
4,원슬라이딩,도장,그레이,민자,모루,원형,원슬라이딩_paint_gray_none_moru_circle,assets/sku/diy-door-원슬라이딩-도장그레이-민자-모루-원형.png
4,원슬라이딩,도장,그레이,민자,모루,일자형,원슬라이딩_paint_gray_none_moru_bar,assets/sku/diy-door-원슬라이딩-도장그레이-민자-모루-일자형.png
4,원슬라이딩,도장,그레이,민자,미스트,원형,원슬라이딩_paint_gray_none_mist_circle,assets/sku/diy-door-원슬라이딩-도장그레이-민자-미스트-원형.png
4,원슬라이딩,도장,그레이,민자,미스트,일자형,원슬라이딩_paint_gray_none_mist_bar,assets/sku/diy-door-원슬라이딩-도장그레이-민자-미스트-일자형.png
4,원슬라이딩,도장,그레이,민자,패브릭,원형,원슬라이딩_paint_gray_none_fabric_circle,assets/sku/diy-door-원슬라이딩-도장그레이-민자-패브릭-원형.png
4,원슬라이딩,도장,그레이,민자,패브릭,일자형,원슬라이딩_paint_gray_none_fabric_bar,assets/sku/diy-door-원슬라이딩-도장그레이-민자-패브릭-일자형.png
4,원슬라이딩,도장,그레이,가로통간살,투명,원형,원슬라이딩_paint_gray_horizontal_clear_circle,assets/sku/diy-door-원슬라이딩-도장그레이-가로통간살-투명-원형.png
4,원슬라이딩,도장,그레이,가로통간살,투명,일자형,원슬라이딩_paint_gray_horizontal_clear_bar,assets/sku/diy-door-원슬라이딩-도장그레이-가로통간살-투명-일자형.png
4,원슬라이딩,도장,그레이,가로통간살,브론즈,기본형,원슬라이딩_paint_gray_horizontal_bronze_none,assets/sku/diy-door-원슬라이딩-도장그레이-가로통간살-브론즈-기본형.png
4,원슬라이딩,도장,그레이,가로통간살,브론즈,원형,원슬라이딩_paint_gray_horizontal_bronze_circle,assets/sku/diy-door-원슬라이딩-도장그레이-가로통간살-브론즈-원형.png
4,원슬라이딩,도장,그레이,가로통간살,브론즈,일자형,원슬라이딩_paint_gray_horizontal_bronze_bar,assets/sku/diy-door-원슬라이딩-도장그레이-가로통간살-브론즈-일자형.png
4,원슬라이딩,도장,그레이,가로통간살,모루,기본형,원슬라이딩_paint_gray_horizontal_moru_none,assets/sku/diy-door-원슬라이딩-도장그레이-가로통간살-모루-기본형.png
4,원슬라이딩,도장,그레이,가로통간살,모루,원형,원슬라이딩_paint_gray_horizontal_moru_circle,assets/sku/diy-door-원슬라이딩-도장그레이-가로통간살-모루-원형.png
4,원슬라이딩,도장,그레이,가로통간살,모루,일자형,원슬라이딩_paint_gray_horizontal_moru_bar,assets/sku/diy-door-원슬라이딩-도장그레이-가로통간살-모루-일자형.png
4,원슬라이딩,도장,그레이,가로통간살,미스트,기본형,원슬라이딩_paint_gray_horizontal_mist_none,assets/sku/diy-door-원슬라이딩-도장그레이-가로통간살-미스트-기본형.png
4,원슬라이딩,도장,그레이,가로통간살,미스트,원형,원슬라이딩_paint_gray_horizontal_mist_circle,assets/sku/diy-door-원슬라이딩-도장그레이-가로통간살-미스트-원형.png
4,원슬라이딩,도장,그레이,가로통간살,미스트,일자형,원슬라이딩_paint_gray_horizontal_mist_bar,assets/sku/diy-door-원슬라이딩-도장그레이-가로통간살-미스트-일자형.png
4,원슬라이딩,도장,그레이,가로통간살,패브릭,기본형,원슬라이딩_paint_gray_horizontal_fabric_none,assets/sku/diy-door-원슬라이딩-도장그레이-가로통간살-패브릭-기본형.png
4,원슬라이딩,도장,그레이,가로통간살,패브릭,원형,원슬라이딩_paint_gray_horizontal_fabric_circle,assets/sku/diy-door-원슬라이딩-도장그레이-가로통간살-패브릭-원형.png
4,원슬라이딩,도장,그레이,가로통간살,패브릭,일자형,원슬라이딩_paint_gray_horizontal_fabric_bar,assets/sku/diy-door-원슬라이딩-도장그레이-가로통간살-패브릭-일자형.png
4,원슬라이딩,도장,그레이,세로통간살,투명,원형,원슬라이딩_paint_gray_vertical_clear_circle,assets/sku/diy-door-원슬라이딩-도장그레이-세로통간살-투명-원형.png
4,원슬라이딩,도장,그레이,세로통간살,투명,일자형,원슬라이딩_paint_gray_vertical_clear_bar,assets/sku/diy-door-원슬라이딩-도장그레이-세로통간살-투명-일자형.png
4,원슬라이딩,도장,그레이,세로통간살,브론즈,기본형,원슬라이딩_paint_gray_vertical_bronze_none,assets/sku/diy-door-원슬라이딩-도장그레이-세로통간살-브론즈-기본형.png
4,원슬라이딩,도장,그레이,세로통간살,브론즈,원형,원슬라이딩_paint_gray_vertical_bronze_circle,assets/sku/diy-door-원슬라이딩-도장그레이-세로통간살-브론즈-원형.png
4,원슬라이딩,도장,그레이,세로통간살,브론즈,일자형,원슬라이딩_paint_gray_vertical_bronze_bar,assets/sku/diy-door-원슬라이딩-도장그레이-세로통간살-브론즈-일자형.png
4,원슬라이딩,도장,그레이,세로통간살,모루,기본형,원슬라이딩_paint_gray_vertical_moru_none,assets/sku/diy-door-원슬라이딩-도장그레이-세로통간살-모루-기본형.png
4,원슬라이딩,도장,그레이,세로통간살,모루,원형,원슬라이딩_paint_gray_vertical_moru_circle,assets/sku/diy-door-원슬라이딩-도장그레이-세로통간살-모루-원형.png
4,원슬라이딩,도장,그레이,세로통간살,모루,일자형,원슬라이딩_paint_gray_vertical_moru_bar,assets/sku/diy-door-원슬라이딩-도장그레이-세로통간살-모루-일자형.png
4,원슬라이딩,도장,그레이,세로통간살,미스트,기본형,원슬라이딩_paint_gray_vertical_mist_none,assets/sku/diy-door-원슬라이딩-도장그레이-세로통간살-미스트-기본형.png
4,원슬라이딩,도장,그레이,세로통간살,미스트,원형,원슬라이딩_paint_gray_vertical_mist_circle,assets/sku/diy-door-원슬라이딩-도장그레이-세로통간살-미스트-원형.png
4,원슬라이딩,도장,그레이,세로통간살,미스트,일자형,원슬라이딩_paint_gray_vertical_mist_bar,assets/sku/diy-door-원슬라이딩-도장그레이-세로통간살-미스트-일자형.png
4,원슬라이딩,도장,그레이,세로통간살,패브릭,기본형,원슬라이딩_paint_gray_vertical_fabric_none,assets/sku/diy-door-원슬라이딩-도장그레이-세로통간살-패브릭-기본형.png
4,원슬라이딩,도장,그레이,세로통간살,패브릭,원형,원슬라이딩_paint_gray_vertical_fabric_circle,assets/sku/diy-door-원슬라이딩-도장그레이-세로통간살-패브릭-원형.png
4,원슬라이딩,도장,그레이,세로통간살,패브릭,일자형,원슬라이딩_paint_gray_vertical_fabric_bar,assets/sku/diy-door-원슬라이딩-도장그레이-세로통간살-패브릭-일자형.png
4,원슬라이딩,도장,그레이,아치형,투명,원형,원슬라이딩_paint_gray_arch_clear_circle,assets/sku/diy-door-원슬라이딩-도장그레이-아치형-투명-원형.png
4,원슬라이딩,도장,그레이,아치형,투명,일자형,원슬라이딩_paint_gray_arch_clear_bar,assets/sku/diy-door-원슬라이딩-도장그레이-아치형-투명-일자형.png
4,원슬라이딩,도장,그레이,아치형,브론즈,기본형,원슬라이딩_paint_gray_arch_bronze_none,assets/sku/diy-door-원슬라이딩-도장그레이-아치형-브론즈-기본형.png
4,원슬라이딩,도장,그레이,아치형,브론즈,원형,원슬라이딩_paint_gray_arch_bronze_circle,assets/sku/diy-door-원슬라이딩-도장그레이-아치형-브론즈-원형.png
4,원슬라이딩,도장,그레이,아치형,브론즈,일자형,원슬라이딩_paint_gray_arch_bronze_bar,assets/sku/diy-door-원슬라이딩-도장그레이-아치형-브론즈-일자형.png
4,원슬라이딩,도장,그레이,아치형,모루,기본형,원슬라이딩_paint_gray_arch_moru_none,assets/sku/diy-door-원슬라이딩-도장그레이-아치형-모루-기본형.png
4,원슬라이딩,도장,그레이,아치형,모루,원형,원슬라이딩_paint_gray_arch_moru_circle,assets/sku/diy-door-원슬라이딩-도장그레이-아치형-모루-원형.png
4,원슬라이딩,도장,그레이,아치형,모루,일자형,원슬라이딩_paint_gray_arch_moru_bar,assets/sku/diy-door-원슬라이딩-도장그레이-아치형-모루-일자형.png
4,원슬라이딩,도장,그레이,아치형,미스트,기본형,원슬라이딩_paint_gray_arch_mist_none,assets/sku/diy-door-원슬라이딩-도장그레이-아치형-미스트-기본형.png
4,원슬라이딩,도장,그레이,아치형,미스트,원형,원슬라이딩_paint_gray_arch_mist_circle,assets/sku/diy-door-원슬라이딩-도장그레이-아치형-미스트-원형.png
4,원슬라이딩,도장,그레이,아치형,미스트,일자형,원슬라이딩_paint_gray_arch_mist_bar,assets/sku/diy-door-원슬라이딩-도장그레이-아치형-미스트-일자형.png
4,원슬라이딩,도장,그레이,아치형,패브릭,기본형,원슬라이딩_paint_gray_arch_fabric_none,assets/sku/diy-door-원슬라이딩-도장그레이-아치형-패브릭-기본형.png
4,원슬라이딩,도장,그레이,아치형,패브릭,원형,원슬라이딩_paint_gray_arch_fabric_circle,assets/sku/diy-door-원슬라이딩-도장그레이-아치형-패브릭-원형.png
4,원슬라이딩,도장,그레이,아치형,패브릭,일자형,원슬라이딩_paint_gray_arch_fabric_bar,assets/sku/diy-door-원슬라이딩-도장그레이-아치형-패브릭-일자형.png
4,원슬라이딩,도장,블랙,민자,브론즈,원형,원슬라이딩_paint_black_none_bronze_circle,assets/sku/diy-door-원슬라이딩-도장블랙-민자-브론즈-원형.png
4,원슬라이딩,도장,블랙,민자,브론즈,일자형,원슬라이딩_paint_black_none_bronze_bar,assets/sku/diy-door-원슬라이딩-도장블랙-민자-브론즈-일자형.png
4,원슬라이딩,도장,블랙,민자,모루,원형,원슬라이딩_paint_black_none_moru_circle,assets/sku/diy-door-원슬라이딩-도장블랙-민자-모루-원형.png
4,원슬라이딩,도장,블랙,민자,모루,일자형,원슬라이딩_paint_black_none_moru_bar,assets/sku/diy-door-원슬라이딩-도장블랙-민자-모루-일자형.png
4,원슬라이딩,도장,블랙,민자,미스트,원형,원슬라이딩_paint_black_none_mist_circle,assets/sku/diy-door-원슬라이딩-도장블랙-민자-미스트-원형.png
4,원슬라이딩,도장,블랙,민자,미스트,일자형,원슬라이딩_paint_black_none_mist_bar,assets/sku/diy-door-원슬라이딩-도장블랙-민자-미스트-일자형.png
4,원슬라이딩,도장,블랙,민자,패브릭,원형,원슬라이딩_paint_black_none_fabric_circle,assets/sku/diy-door-원슬라이딩-도장블랙-민자-패브릭-원형.png
4,원슬라이딩,도장,블랙,민자,패브릭,일자형,원슬라이딩_paint_black_none_fabric_bar,assets/sku/diy-door-원슬라이딩-도장블랙-민자-패브릭-일자형.png
4,원슬라이딩,도장,블랙,가로통간살,투명,원형,원슬라이딩_paint_black_horizontal_clear_circle,assets/sku/diy-door-원슬라이딩-도장블랙-가로통간살-투명-원형.png
4,원슬라이딩,도장,블랙,가로통간살,투명,일자형,원슬라이딩_paint_black_horizontal_clear_bar,assets/sku/diy-door-원슬라이딩-도장블랙-가로통간살-투명-일자형.png
4,원슬라이딩,도장,블랙,가로통간살,브론즈,기본형,원슬라이딩_paint_black_horizontal_bronze_none,assets/sku/diy-door-원슬라이딩-도장블랙-가로통간살-브론즈-기본형.png
4,원슬라이딩,도장,블랙,가로통간살,브론즈,원형,원슬라이딩_paint_black_horizontal_bronze_circle,assets/sku/diy-door-원슬라이딩-도장블랙-가로통간살-브론즈-원형.png
4,원슬라이딩,도장,블랙,가로통간살,브론즈,일자형,원슬라이딩_paint_black_horizontal_bronze_bar,assets/sku/diy-door-원슬라이딩-도장블랙-가로통간살-브론즈-일자형.png
4,원슬라이딩,도장,블랙,가로통간살,모루,기본형,원슬라이딩_paint_black_horizontal_moru_none,assets/sku/diy-door-원슬라이딩-도장블랙-가로통간살-모루-기본형.png
4,원슬라이딩,도장,블랙,가로통간살,모루,원형,원슬라이딩_paint_black_horizontal_moru_circle,assets/sku/diy-door-원슬라이딩-도장블랙-가로통간살-모루-원형.png
4,원슬라이딩,도장,블랙,가로통간살,모루,일자형,원슬라이딩_paint_black_horizontal_moru_bar,assets/sku/diy-door-원슬라이딩-도장블랙-가로통간살-모루-일자형.png
4,원슬라이딩,도장,블랙,가로통간살,미스트,기본형,원슬라이딩_paint_black_horizontal_mist_none,assets/sku/diy-door-원슬라이딩-도장블랙-가로통간살-미스트-기본형.png
4,원슬라이딩,도장,블랙,가로통간살,미스트,원형,원슬라이딩_paint_black_horizontal_mist_circle,assets/sku/diy-door-원슬라이딩-도장블랙-가로통간살-미스트-원형.png
4,원슬라이딩,도장,블랙,가로통간살,미스트,일자형,원슬라이딩_paint_black_horizontal_mist_bar,assets/sku/diy-door-원슬라이딩-도장블랙-가로통간살-미스트-일자형.png
4,원슬라이딩,도장,블랙,가로통간살,패브릭,기본형,원슬라이딩_paint_black_horizontal_fabric_none,assets/sku/diy-door-원슬라이딩-도장블랙-가로통간살-패브릭-기본형.png
4,원슬라이딩,도장,블랙,가로통간살,패브릭,원형,원슬라이딩_paint_black_horizontal_fabric_circle,assets/sku/diy-door-원슬라이딩-도장블랙-가로통간살-패브릭-원형.png
4,원슬라이딩,도장,블랙,가로통간살,패브릭,일자형,원슬라이딩_paint_black_horizontal_fabric_bar,assets/sku/diy-door-원슬라이딩-도장블랙-가로통간살-패브릭-일자형.png
4,원슬라이딩,도장,블랙,세로통간살,투명,원형,원슬라이딩_paint_black_vertical_clear_circle,assets/sku/diy-door-원슬라이딩-도장블랙-세로통간살-투명-원형.png
4,원슬라이딩,도장,블랙,세로통간살,투명,일자형,원슬라이딩_paint_black_vertical_clear_bar,assets/sku/diy-door-원슬라이딩-도장블랙-세로통간살-투명-일자형.png
4,원슬라이딩,도장,블랙,세로통간살,브론즈,기본형,원슬라이딩_paint_black_vertical_bronze_none,assets/sku/diy-door-원슬라이딩-도장블랙-세로통간살-브론즈-기본형.png
4,원슬라이딩,도장,블랙,세로통간살,브론즈,원형,원슬라이딩_paint_black_vertical_bronze_circle,assets/sku/diy-door-원슬라이딩-도장블랙-세로통간살-브론즈-원형.png
4,원슬라이딩,도장,블랙,세로통간살,브론즈,일자형,원슬라이딩_paint_black_vertical_bronze_bar,assets/sku/diy-door-원슬라이딩-도장블랙-세로통간살-브론즈-일자형.png
4,원슬라이딩,도장,블랙,세로통간살,모루,기본형,원슬라이딩_paint_black_vertical_moru_none,assets/sku/diy-door-원슬라이딩-도장블랙-세로통간살-모루-기본형.png
4,원슬라이딩,도장,블랙,세로통간살,모루,원형,원슬라이딩_paint_black_vertical_moru_circle,assets/sku/diy-door-원슬라이딩-도장블랙-세로통간살-모루-원형.png
4,원슬라이딩,도장,블랙,세로통간살,모루,일자형,원슬라이딩_paint_black_vertical_moru_bar,assets/sku/diy-door-원슬라이딩-도장블랙-세로통간살-모루-일자형.png
4,원슬라이딩,도장,블랙,세로통간살,미스트,기본형,원슬라이딩_paint_black_vertical_mist_none,assets/sku/diy-door-원슬라이딩-도장블랙-세로통간살-미스트-기본형.png
4,원슬라이딩,도장,블랙,세로통간살,미스트,원형,원슬라이딩_paint_black_vertical_mist_circle,assets/sku/diy-door-원슬라이딩-도장블랙-세로통간살-미스트-원형.png
4,원슬라이딩,도장,블랙,세로통간살,미스트,일자형,원슬라이딩_paint_black_vertical_mist_bar,assets/sku/diy-door-원슬라이딩-도장블랙-세로통간살-미스트-일자형.png
4,원슬라이딩,도장,블랙,세로통간살,패브릭,기본형,원슬라이딩_paint_black_vertical_fabric_none,assets/sku/diy-door-원슬라이딩-도장블랙-세로통간살-패브릭-기본형.png
4,원슬라이딩,도장,블랙,세로통간살,패브릭,원형,원슬라이딩_paint_black_vertical_fabric_circle,assets/sku/diy-door-원슬라이딩-도장블랙-세로통간살-패브릭-원형.png
4,원슬라이딩,도장,블랙,세로통간살,패브릭,일자형,원슬라이딩_paint_black_vertical_fabric_bar,assets/sku/diy-door-원슬라이딩-도장블랙-세로통간살-패브릭-일자형.png
4,원슬라이딩,도장,블랙,아치형,투명,원형,원슬라이딩_paint_black_arch_clear_circle,assets/sku/diy-door-원슬라이딩-도장블랙-아치형-투명-원형.png
4,원슬라이딩,도장,블랙,아치형,투명,일자형,원슬라이딩_paint_black_arch_clear_bar,assets/sku/diy-door-원슬라이딩-도장블랙-아치형-투명-일자형.png
4,원슬라이딩,도장,블랙,아치형,브론즈,기본형,원슬라이딩_paint_black_arch_bronze_none,assets/sku/diy-door-원슬라이딩-도장블랙-아치형-브론즈-기본형.png
4,원슬라이딩,도장,블랙,아치형,브론즈,원형,원슬라이딩_paint_black_arch_bronze_circle,assets/sku/diy-door-원슬라이딩-도장블랙-아치형-브론즈-원형.png
4,원슬라이딩,도장,블랙,아치형,브론즈,일자형,원슬라이딩_paint_black_arch_bronze_bar,assets/sku/diy-door-원슬라이딩-도장블랙-아치형-브론즈-일자형.png
4,원슬라이딩,도장,블랙,아치형,모루,기본형,원슬라이딩_paint_black_arch_moru_none,assets/sku/diy-door-원슬라이딩-도장블랙-아치형-모루-기본형.png
4,원슬라이딩,도장,블랙,아치형,모루,원형,원슬라이딩_paint_black_arch_moru_circle,assets/sku/diy-door-원슬라이딩-도장블랙-아치형-모루-원형.png
4,원슬라이딩,도장,블랙,아치형,모루,일자형,원슬라이딩_paint_black_arch_moru_bar,assets/sku/diy-door-원슬라이딩-도장블랙-아치형-모루-일자형.png
4,원슬라이딩,도장,블랙,아치형,미스트,기본형,원슬라이딩_paint_black_arch_mist_none,assets/sku/diy-door-원슬라이딩-도장블랙-아치형-미스트-기본형.png
4,원슬라이딩,도장,블랙,아치형,미스트,원형,원슬라이딩_paint_black_arch_mist_circle,assets/sku/diy-door-원슬라이딩-도장블랙-아치형-미스트-원형.png
4,원슬라이딩,도장,블랙,아치형,미스트,일자형,원슬라이딩_paint_black_arch_mist_bar,assets/sku/diy-door-원슬라이딩-도장블랙-아치형-미스트-일자형.png
4,원슬라이딩,도장,블랙,아치형,패브릭,기본형,원슬라이딩_paint_black_arch_fabric_none,assets/sku/diy-door-원슬라이딩-도장블랙-아치형-패브릭-기본형.png
4,원슬라이딩,도장,블랙,아치형,패브릭,원형,원슬라이딩_paint_black_arch_fabric_circle,assets/sku/diy-door-원슬라이딩-도장블랙-아치형-패브릭-원형.png
4,원슬라이딩,도장,블랙,아치형,패브릭,일자형,원슬라이딩_paint_black_arch_fabric_bar,assets/sku/diy-door-원슬라이딩-도장블랙-아치형-패브릭-일자형.png
4,원슬라이딩,필름,화이트,민자,브론즈,원형,원슬라이딩_film_white_none_bronze_circle,assets/sku/diy-door-원슬라이딩-필름화이트-민자-브론즈-원형.png
4,원슬라이딩,필름,화이트,민자,브론즈,일자형,원슬라이딩_film_white_none_bronze_bar,assets/sku/diy-door-원슬라이딩-필름화이트-민자-브론즈-일자형.png
4,원슬라이딩,필름,화이트,민자,모루,원형,원슬라이딩_film_white_none_moru_circle,assets/sku/diy-door-원슬라이딩-필름화이트-민자-모루-원형.png
4,원슬라이딩,필름,화이트,민자,모루,일자형,원슬라이딩_film_white_none_moru_bar,assets/sku/diy-door-원슬라이딩-필름화이트-민자-모루-일자형.png
4,원슬라이딩,필름,화이트,민자,미스트,원형,원슬라이딩_film_white_none_mist_circle,assets/sku/diy-door-원슬라이딩-필름화이트-민자-미스트-원형.png
4,원슬라이딩,필름,화이트,민자,미스트,일자형,원슬라이딩_film_white_none_mist_bar,assets/sku/diy-door-원슬라이딩-필름화이트-민자-미스트-일자형.png
4,원슬라이딩,필름,화이트,민자,패브릭,원형,원슬라이딩_film_white_none_fabric_circle,assets/sku/diy-door-원슬라이딩-필름화이트-민자-패브릭-원형.png
4,원슬라이딩,필름,화이트,민자,패브릭,일자형,원슬라이딩_film_white_none_fabric_bar,assets/sku/diy-door-원슬라이딩-필름화이트-민자-패브릭-일자형.png
4,원슬라이딩,필름,화이트,가로통간살,투명,원형,원슬라이딩_film_white_horizontal_clear_circle,assets/sku/diy-door-원슬라이딩-필름화이트-가로통간살-투명-원형.png
4,원슬라이딩,필름,화이트,가로통간살,투명,일자형,원슬라이딩_film_white_horizontal_clear_bar,assets/sku/diy-door-원슬라이딩-필름화이트-가로통간살-투명-일자형.png
4,원슬라이딩,필름,화이트,가로통간살,브론즈,기본형,원슬라이딩_film_white_horizontal_bronze_none,assets/sku/diy-door-원슬라이딩-필름화이트-가로통간살-브론즈-기본형.png
4,원슬라이딩,필름,화이트,가로통간살,브론즈,원형,원슬라이딩_film_white_horizontal_bronze_circle,assets/sku/diy-door-원슬라이딩-필름화이트-가로통간살-브론즈-원형.png
4,원슬라이딩,필름,화이트,가로통간살,브론즈,일자형,원슬라이딩_film_white_horizontal_bronze_bar,assets/sku/diy-door-원슬라이딩-필름화이트-가로통간살-브론즈-일자형.png
4,원슬라이딩,필름,화이트,가로통간살,모루,기본형,원슬라이딩_film_white_horizontal_moru_none,assets/sku/diy-door-원슬라이딩-필름화이트-가로통간살-모루-기본형.png
4,원슬라이딩,필름,화이트,가로통간살,모루,원형,원슬라이딩_film_white_horizontal_moru_circle,assets/sku/diy-door-원슬라이딩-필름화이트-가로통간살-모루-원형.png
4,원슬라이딩,필름,화이트,가로통간살,모루,일자형,원슬라이딩_film_white_horizontal_moru_bar,assets/sku/diy-door-원슬라이딩-필름화이트-가로통간살-모루-일자형.png
4,원슬라이딩,필름,화이트,가로통간살,미스트,기본형,원슬라이딩_film_white_horizontal_mist_none,assets/sku/diy-door-원슬라이딩-필름화이트-가로통간살-미스트-기본형.png
4,원슬라이딩,필름,화이트,가로통간살,미스트,원형,원슬라이딩_film_white_horizontal_mist_circle,assets/sku/diy-door-원슬라이딩-필름화이트-가로통간살-미스트-원형.png
4,원슬라이딩,필름,화이트,가로통간살,미스트,일자형,원슬라이딩_film_white_horizontal_mist_bar,assets/sku/diy-door-원슬라이딩-필름화이트-가로통간살-미스트-일자형.png
4,원슬라이딩,필름,화이트,가로통간살,패브릭,기본형,원슬라이딩_film_white_horizontal_fabric_none,assets/sku/diy-door-원슬라이딩-필름화이트-가로통간살-패브릭-기본형.png
4,원슬라이딩,필름,화이트,가로통간살,패브릭,원형,원슬라이딩_film_white_horizontal_fabric_circle,assets/sku/diy-door-원슬라이딩-필름화이트-가로통간살-패브릭-원형.png
4,원슬라이딩,필름,화이트,가로통간살,패브릭,일자형,원슬라이딩_film_white_horizontal_fabric_bar,assets/sku/diy-door-원슬라이딩-필름화이트-가로통간살-패브릭-일자형.png
4,원슬라이딩,필름,화이트,세로통간살,투명,원형,원슬라이딩_film_white_vertical_clear_circle,assets/sku/diy-door-원슬라이딩-필름화이트-세로통간살-투명-원형.png
4,원슬라이딩,필름,화이트,세로통간살,투명,일자형,원슬라이딩_film_white_vertical_clear_bar,assets/sku/diy-door-원슬라이딩-필름화이트-세로통간살-투명-일자형.png
4,원슬라이딩,필름,화이트,세로통간살,브론즈,기본형,원슬라이딩_film_white_vertical_bronze_none,assets/sku/diy-door-원슬라이딩-필름화이트-세로통간살-브론즈-기본형.png
4,원슬라이딩,필름,화이트,세로통간살,브론즈,원형,원슬라이딩_film_white_vertical_bronze_circle,assets/sku/diy-door-원슬라이딩-필름화이트-세로통간살-브론즈-원형.png
4,원슬라이딩,필름,화이트,세로통간살,브론즈,일자형,원슬라이딩_film_white_vertical_bronze_bar,assets/sku/diy-door-원슬라이딩-필름화이트-세로통간살-브론즈-일자형.png
4,원슬라이딩,필름,화이트,세로통간살,모루,기본형,원슬라이딩_film_white_vertical_moru_none,assets/sku/diy-door-원슬라이딩-필름화이트-세로통간살-모루-기본형.png
4,원슬라이딩,필름,화이트,세로통간살,모루,원형,원슬라이딩_film_white_vertical_moru_circle,assets/sku/diy-door-원슬라이딩-필름화이트-세로통간살-모루-원형.png
4,원슬라이딩,필름,화이트,세로통간살,모루,일자형,원슬라이딩_film_white_vertical_moru_bar,assets/sku/diy-door-원슬라이딩-필름화이트-세로통간살-모루-일자형.png
4,원슬라이딩,필름,화이트,세로통간살,미스트,기본형,원슬라이딩_film_white_vertical_mist_none,assets/sku/diy-door-원슬라이딩-필름화이트-세로통간살-미스트-기본형.png
4,원슬라이딩,필름,화이트,세로통간살,미스트,원형,원슬라이딩_film_white_vertical_mist_circle,assets/sku/diy-door-원슬라이딩-필름화이트-세로통간살-미스트-원형.png
4,원슬라이딩,필름,화이트,세로통간살,미스트,일자형,원슬라이딩_film_white_vertical_mist_bar,assets/sku/diy-door-원슬라이딩-필름화이트-세로통간살-미스트-일자형.png
4,원슬라이딩,필름,화이트,세로통간살,패브릭,기본형,원슬라이딩_film_white_vertical_fabric_none,assets/sku/diy-door-원슬라이딩-필름화이트-세로통간살-패브릭-기본형.png
4,원슬라이딩,필름,화이트,세로통간살,패브릭,원형,원슬라이딩_film_white_vertical_fabric_circle,assets/sku/diy-door-원슬라이딩-필름화이트-세로통간살-패브릭-원형.png
4,원슬라이딩,필름,화이트,세로통간살,패브릭,일자형,원슬라이딩_film_white_vertical_fabric_bar,assets/sku/diy-door-원슬라이딩-필름화이트-세로통간살-패브릭-일자형.png
4,원슬라이딩,필름,화이트,아치형,투명,원형,원슬라이딩_film_white_arch_clear_circle,assets/sku/diy-door-원슬라이딩-필름화이트-아치형-투명-원형.png
4,원슬라이딩,필름,화이트,아치형,투명,일자형,원슬라이딩_film_white_arch_clear_bar,assets/sku/diy-door-원슬라이딩-필름화이트-아치형-투명-일자형.png
4,원슬라이딩,필름,화이트,아치형,브론즈,기본형,원슬라이딩_film_white_arch_bronze_none,assets/sku/diy-door-원슬라이딩-필름화이트-아치형-브론즈-기본형.png
4,원슬라이딩,필름,화이트,아치형,브론즈,원형,원슬라이딩_film_white_arch_bronze_circle,assets/sku/diy-door-원슬라이딩-필름화이트-아치형-브론즈-원형.png
4,원슬라이딩,필름,화이트,아치형,브론즈,일자형,원슬라이딩_film_white_arch_bronze_bar,assets/sku/diy-door-원슬라이딩-필름화이트-아치형-브론즈-일자형.png
4,원슬라이딩,필름,화이트,아치형,모루,기본형,원슬라이딩_film_white_arch_moru_none,assets/sku/diy-door-원슬라이딩-필름화이트-아치형-모루-기본형.png
4,원슬라이딩,필름,화이트,아치형,모루,원형,원슬라이딩_film_white_arch_moru_circle,assets/sku/diy-door-원슬라이딩-필름화이트-아치형-모루-원형.png
4,원슬라이딩,필름,화이트,아치형,모루,일자형,원슬라이딩_film_white_arch_moru_bar,assets/sku/diy-door-원슬라이딩-필름화이트-아치형-모루-일자형.png
4,원슬라이딩,필름,화이트,아치형,미스트,기본형,원슬라이딩_film_white_arch_mist_none,assets/sku/diy-door-원슬라이딩-필름화이트-아치형-미스트-기본형.png
4,원슬라이딩,필름,화이트,아치형,미스트,원형,원슬라이딩_film_white_arch_mist_circle,assets/sku/diy-door-원슬라이딩-필름화이트-아치형-미스트-원형.png
4,원슬라이딩,필름,화이트,아치형,미스트,일자형,원슬라이딩_film_white_arch_mist_bar,assets/sku/diy-door-원슬라이딩-필름화이트-아치형-미스트-일자형.png
4,원슬라이딩,필름,화이트,아치형,패브릭,기본형,원슬라이딩_film_white_arch_fabric_none,assets/sku/diy-door-원슬라이딩-필름화이트-아치형-패브릭-기본형.png
4,원슬라이딩,필름,화이트,아치형,패브릭,원형,원슬라이딩_film_white_arch_fabric_circle,assets/sku/diy-door-원슬라이딩-필름화이트-아치형-패브릭-원형.png
4,원슬라이딩,필름,화이트,아치형,패브릭,일자형,원슬라이딩_film_white_arch_fabric_bar,assets/sku/diy-door-원슬라이딩-필름화이트-아치형-패브릭-일자형.png
4,원슬라이딩,필름,그레이,민자,브론즈,원형,원슬라이딩_film_gray_none_bronze_circle,assets/sku/diy-door-원슬라이딩-필름그레이-민자-브론즈-원형.png
4,원슬라이딩,필름,그레이,민자,브론즈,일자형,원슬라이딩_film_gray_none_bronze_bar,assets/sku/diy-door-원슬라이딩-필름그레이-민자-브론즈-일자형.png
4,원슬라이딩,필름,그레이,민자,모루,원형,원슬라이딩_film_gray_none_moru_circle,assets/sku/diy-door-원슬라이딩-필름그레이-민자-모루-원형.png
4,원슬라이딩,필름,그레이,민자,모루,일자형,원슬라이딩_film_gray_none_moru_bar,assets/sku/diy-door-원슬라이딩-필름그레이-민자-모루-일자형.png
4,원슬라이딩,필름,그레이,민자,미스트,원형,원슬라이딩_film_gray_none_mist_circle,assets/sku/diy-door-원슬라이딩-필름그레이-민자-미스트-원형.png
4,원슬라이딩,필름,그레이,민자,미스트,일자형,원슬라이딩_film_gray_none_mist_bar,assets/sku/diy-door-원슬라이딩-필름그레이-민자-미스트-일자형.png
4,원슬라이딩,필름,그레이,민자,패브릭,원형,원슬라이딩_film_gray_none_fabric_circle,assets/sku/diy-door-원슬라이딩-필름그레이-민자-패브릭-원형.png
4,원슬라이딩,필름,그레이,민자,패브릭,일자형,원슬라이딩_film_gray_none_fabric_bar,assets/sku/diy-door-원슬라이딩-필름그레이-민자-패브릭-일자형.png
4,원슬라이딩,필름,그레이,가로통간살,투명,원형,원슬라이딩_film_gray_horizontal_clear_circle,assets/sku/diy-door-원슬라이딩-필름그레이-가로통간살-투명-원형.png
4,원슬라이딩,필름,그레이,가로통간살,투명,일자형,원슬라이딩_film_gray_horizontal_clear_bar,assets/sku/diy-door-원슬라이딩-필름그레이-가로통간살-투명-일자형.png
4,원슬라이딩,필름,그레이,가로통간살,브론즈,기본형,원슬라이딩_film_gray_horizontal_bronze_none,assets/sku/diy-door-원슬라이딩-필름그레이-가로통간살-브론즈-기본형.png
4,원슬라이딩,필름,그레이,가로통간살,브론즈,원형,원슬라이딩_film_gray_horizontal_bronze_circle,assets/sku/diy-door-원슬라이딩-필름그레이-가로통간살-브론즈-원형.png
4,원슬라이딩,필름,그레이,가로통간살,브론즈,일자형,원슬라이딩_film_gray_horizontal_bronze_bar,assets/sku/diy-door-원슬라이딩-필름그레이-가로통간살-브론즈-일자형.png
4,원슬라이딩,필름,그레이,가로통간살,모루,기본형,원슬라이딩_film_gray_horizontal_moru_none,assets/sku/diy-door-원슬라이딩-필름그레이-가로통간살-모루-기본형.png
4,원슬라이딩,필름,그레이,가로통간살,모루,원형,원슬라이딩_film_gray_horizontal_moru_circle,assets/sku/diy-door-원슬라이딩-필름그레이-가로통간살-모루-원형.png
4,원슬라이딩,필름,그레이,가로통간살,모루,일자형,원슬라이딩_film_gray_horizontal_moru_bar,assets/sku/diy-door-원슬라이딩-필름그레이-가로통간살-모루-일자형.png
4,원슬라이딩,필름,그레이,가로통간살,미스트,기본형,원슬라이딩_film_gray_horizontal_mist_none,assets/sku/diy-door-원슬라이딩-필름그레이-가로통간살-미스트-기본형.png
4,원슬라이딩,필름,그레이,가로통간살,미스트,원형,원슬라이딩_film_gray_horizontal_mist_circle,assets/sku/diy-door-원슬라이딩-필름그레이-가로통간살-미스트-원형.png
4,원슬라이딩,필름,그레이,가로통간살,미스트,일자형,원슬라이딩_film_gray_horizontal_mist_bar,assets/sku/diy-door-원슬라이딩-필름그레이-가로통간살-미스트-일자형.png
4,원슬라이딩,필름,그레이,가로통간살,패브릭,기본형,원슬라이딩_film_gray_horizontal_fabric_none,assets/sku/diy-door-원슬라이딩-필름그레이-가로통간살-패브릭-기본형.png
4,원슬라이딩,필름,그레이,가로통간살,패브릭,원형,원슬라이딩_film_gray_horizontal_fabric_circle,assets/sku/diy-door-원슬라이딩-필름그레이-가로통간살-패브릭-원형.png
4,원슬라이딩,필름,그레이,가로통간살,패브릭,일자형,원슬라이딩_film_gray_horizontal_fabric_bar,assets/sku/diy-door-원슬라이딩-필름그레이-가로통간살-패브릭-일자형.png
4,원슬라이딩,필름,그레이,세로통간살,투명,원형,원슬라이딩_film_gray_vertical_clear_circle,assets/sku/diy-door-원슬라이딩-필름그레이-세로통간살-투명-원형.png
4,원슬라이딩,필름,그레이,세로통간살,투명,일자형,원슬라이딩_film_gray_vertical_clear_bar,assets/sku/diy-door-원슬라이딩-필름그레이-세로통간살-투명-일자형.png
4,원슬라이딩,필름,그레이,세로통간살,브론즈,기본형,원슬라이딩_film_gray_vertical_bronze_none,assets/sku/diy-door-원슬라이딩-필름그레이-세로통간살-브론즈-기본형.png
4,원슬라이딩,필름,그레이,세로통간살,브론즈,원형,원슬라이딩_film_gray_vertical_bronze_circle,assets/sku/diy-door-원슬라이딩-필름그레이-세로통간살-브론즈-원형.png
4,원슬라이딩,필름,그레이,세로통간살,브론즈,일자형,원슬라이딩_film_gray_vertical_bronze_bar,assets/sku/diy-door-원슬라이딩-필름그레이-세로통간살-브론즈-일자형.png
4,원슬라이딩,필름,그레이,세로통간살,모루,기본형,원슬라이딩_film_gray_vertical_moru_none,assets/sku/diy-door-원슬라이딩-필름그레이-세로통간살-모루-기본형.png
4,원슬라이딩,필름,그레이,세로통간살,모루,원형,원슬라이딩_film_gray_vertical_moru_circle,assets/sku/diy-door-원슬라이딩-필름그레이-세로통간살-모루-원형.png
4,원슬라이딩,필름,그레이,세로통간살,모루,일자형,원슬라이딩_film_gray_vertical_moru_bar,assets/sku/diy-door-원슬라이딩-필름그레이-세로통간살-모루-일자형.png
4,원슬라이딩,필름,그레이,세로통간살,미스트,기본형,원슬라이딩_film_gray_vertical_mist_none,assets/sku/diy-door-원슬라이딩-필름그레이-세로통간살-미스트-기본형.png
4,원슬라이딩,필름,그레이,세로통간살,미스트,원형,원슬라이딩_film_gray_vertical_mist_circle,assets/sku/diy-door-원슬라이딩-필름그레이-세로통간살-미스트-원형.png
4,원슬라이딩,필름,그레이,세로통간살,미스트,일자형,원슬라이딩_film_gray_vertical_mist_bar,assets/sku/diy-door-원슬라이딩-필름그레이-세로통간살-미스트-일자형.png
4,원슬라이딩,필름,그레이,세로통간살,패브릭,기본형,원슬라이딩_film_gray_vertical_fabric_none,assets/sku/diy-door-원슬라이딩-필름그레이-세로통간살-패브릭-기본형.png
4,원슬라이딩,필름,그레이,세로통간살,패브릭,원형,원슬라이딩_film_gray_vertical_fabric_circle,assets/sku/diy-door-원슬라이딩-필름그레이-세로통간살-패브릭-원형.png
4,원슬라이딩,필름,그레이,세로통간살,패브릭,일자형,원슬라이딩_film_gray_vertical_fabric_bar,assets/sku/diy-door-원슬라이딩-필름그레이-세로통간살-패브릭-일자형.png
4,원슬라이딩,필름,그레이,아치형,투명,원형,원슬라이딩_film_gray_arch_clear_circle,assets/sku/diy-door-원슬라이딩-필름그레이-아치형-투명-원형.png
4,원슬라이딩,필름,그레이,아치형,투명,일자형,원슬라이딩_film_gray_arch_clear_bar,assets/sku/diy-door-원슬라이딩-필름그레이-아치형-투명-일자형.png
4,원슬라이딩,필름,그레이,아치형,브론즈,기본형,원슬라이딩_film_gray_arch_bronze_none,assets/sku/diy-door-원슬라이딩-필름그레이-아치형-브론즈-기본형.png
4,원슬라이딩,필름,그레이,아치형,브론즈,원형,원슬라이딩_film_gray_arch_bronze_circle,assets/sku/diy-door-원슬라이딩-필름그레이-아치형-브론즈-원형.png
4,원슬라이딩,필름,그레이,아치형,브론즈,일자형,원슬라이딩_film_gray_arch_bronze_bar,assets/sku/diy-door-원슬라이딩-필름그레이-아치형-브론즈-일자형.png
4,원슬라이딩,필름,그레이,아치형,모루,기본형,원슬라이딩_film_gray_arch_moru_none,assets/sku/diy-door-원슬라이딩-필름그레이-아치형-모루-기본형.png
4,원슬라이딩,필름,그레이,아치형,모루,원형,원슬라이딩_film_gray_arch_moru_circle,assets/sku/diy-door-원슬라이딩-필름그레이-아치형-모루-원형.png
4,원슬라이딩,필름,그레이,아치형,모루,일자형,원슬라이딩_film_gray_arch_moru_bar,assets/sku/diy-door-원슬라이딩-필름그레이-아치형-모루-일자형.png
4,원슬라이딩,필름,그레이,아치형,미스트,기본형,원슬라이딩_film_gray_arch_mist_none,assets/sku/diy-door-원슬라이딩-필름그레이-아치형-미스트-기본형.png
4,원슬라이딩,필름,그레이,아치형,미스트,원형,원슬라이딩_film_gray_arch_mist_circle,assets/sku/diy-door-원슬라이딩-필름그레이-아치형-미스트-원형.png
4,원슬라이딩,필름,그레이,아치형,미스트,일자형,원슬라이딩_film_gray_arch_mist_bar,assets/sku/diy-door-원슬라이딩-필름그레이-아치형-미스트-일자형.png
4,원슬라이딩,필름,그레이,아치형,패브릭,기본형,원슬라이딩_film_gray_arch_fabric_none,assets/sku/diy-door-원슬라이딩-필름그레이-아치형-패브릭-기본형.png
4,원슬라이딩,필름,그레이,아치형,패브릭,원형,원슬라이딩_film_gray_arch_fabric_circle,assets/sku/diy-door-원슬라이딩-필름그레이-아치형-패브릭-원형.png
4,원슬라이딩,필름,그레이,아치형,패브릭,일자형,원슬라이딩_film_gray_arch_fabric_bar,assets/sku/diy-door-원슬라이딩-필름그레이-아치형-패브릭-일자형.png
4,원슬라이딩,필름,블랙,민자,브론즈,원형,원슬라이딩_film_black_none_bronze_circle,assets/sku/diy-door-원슬라이딩-필름블랙-민자-브론즈-원형.png
4,원슬라이딩,필름,블랙,민자,브론즈,일자형,원슬라이딩_film_black_none_bronze_bar,assets/sku/diy-door-원슬라이딩-필름블랙-민자-브론즈-일자형.png
4,원슬라이딩,필름,블랙,민자,모루,원형,원슬라이딩_film_black_none_moru_circle,assets/sku/diy-door-원슬라이딩-필름블랙-민자-모루-원형.png
4,원슬라이딩,필름,블랙,민자,모루,일자형,원슬라이딩_film_black_none_moru_bar,assets/sku/diy-door-원슬라이딩-필름블랙-민자-모루-일자형.png
4,원슬라이딩,필름,블랙,민자,미스트,원형,원슬라이딩_film_black_none_mist_circle,assets/sku/diy-door-원슬라이딩-필름블랙-민자-미스트-원형.png
4,원슬라이딩,필름,블랙,민자,미스트,일자형,원슬라이딩_film_black_none_mist_bar,assets/sku/diy-door-원슬라이딩-필름블랙-민자-미스트-일자형.png
4,원슬라이딩,필름,블랙,민자,패브릭,원형,원슬라이딩_film_black_none_fabric_circle,assets/sku/diy-door-원슬라이딩-필름블랙-민자-패브릭-원형.png
4,원슬라이딩,필름,블랙,민자,패브릭,일자형,원슬라이딩_film_black_none_fabric_bar,assets/sku/diy-door-원슬라이딩-필름블랙-민자-패브릭-일자형.png
4,원슬라이딩,필름,블랙,가로통간살,투명,원형,원슬라이딩_film_black_horizontal_clear_circle,assets/sku/diy-door-원슬라이딩-필름블랙-가로통간살-투명-원형.png
4,원슬라이딩,필름,블랙,가로통간살,투명,일자형,원슬라이딩_film_black_horizontal_clear_bar,assets/sku/diy-door-원슬라이딩-필름블랙-가로통간살-투명-일자형.png
4,원슬라이딩,필름,블랙,가로통간살,브론즈,기본형,원슬라이딩_film_black_horizontal_bronze_none,assets/sku/diy-door-원슬라이딩-필름블랙-가로통간살-브론즈-기본형.png
4,원슬라이딩,필름,블랙,가로통간살,브론즈,원형,원슬라이딩_film_black_horizontal_bronze_circle,assets/sku/diy-door-원슬라이딩-필름블랙-가로통간살-브론즈-원형.png
4,원슬라이딩,필름,블랙,가로통간살,브론즈,일자형,원슬라이딩_film_black_horizontal_bronze_bar,assets/sku/diy-door-원슬라이딩-필름블랙-가로통간살-브론즈-일자형.png
4,원슬라이딩,필름,블랙,가로통간살,모루,기본형,원슬라이딩_film_black_horizontal_moru_none,assets/sku/diy-door-원슬라이딩-필름블랙-가로통간살-모루-기본형.png
4,원슬라이딩,필름,블랙,가로통간살,모루,원형,원슬라이딩_film_black_horizontal_moru_circle,assets/sku/diy-door-원슬라이딩-필름블랙-가로통간살-모루-원형.png
4,원슬라이딩,필름,블랙,가로통간살,모루,일자형,원슬라이딩_film_black_horizontal_moru_bar,assets/sku/diy-door-원슬라이딩-필름블랙-가로통간살-모루-일자형.png
4,원슬라이딩,필름,블랙,가로통간살,미스트,기본형,원슬라이딩_film_black_horizontal_mist_none,assets/sku/diy-door-원슬라이딩-필름블랙-가로통간살-미스트-기본형.png
4,원슬라이딩,필름,블랙,가로통간살,미스트,원형,원슬라이딩_film_black_horizontal_mist_circle,assets/sku/diy-door-원슬라이딩-필름블랙-가로통간살-미스트-원형.png
4,원슬라이딩,필름,블랙,가로통간살,미스트,일자형,원슬라이딩_film_black_horizontal_mist_bar,assets/sku/diy-door-원슬라이딩-필름블랙-가로통간살-미스트-일자형.png
4,원슬라이딩,필름,블랙,가로통간살,패브릭,기본형,원슬라이딩_film_black_horizontal_fabric_none,assets/sku/diy-door-원슬라이딩-필름블랙-가로통간살-패브릭-기본형.png
4,원슬라이딩,필름,블랙,가로통간살,패브릭,원형,원슬라이딩_film_black_horizontal_fabric_circle,assets/sku/diy-door-원슬라이딩-필름블랙-가로통간살-패브릭-원형.png
4,원슬라이딩,필름,블랙,가로통간살,패브릭,일자형,원슬라이딩_film_black_horizontal_fabric_bar,assets/sku/diy-door-원슬라이딩-필름블랙-가로통간살-패브릭-일자형.png
4,원슬라이딩,필름,블랙,세로통간살,투명,원형,원슬라이딩_film_black_vertical_clear_circle,assets/sku/diy-door-원슬라이딩-필름블랙-세로통간살-투명-원형.png
4,원슬라이딩,필름,블랙,세로통간살,투명,일자형,원슬라이딩_film_black_vertical_clear_bar,assets/sku/diy-door-원슬라이딩-필름블랙-세로통간살-투명-일자형.png
4,원슬라이딩,필름,블랙,세로통간살,브론즈,기본형,원슬라이딩_film_black_vertical_bronze_none,assets/sku/diy-door-원슬라이딩-필름블랙-세로통간살-브론즈-기본형.png
4,원슬라이딩,필름,블랙,세로통간살,브론즈,원형,원슬라이딩_film_black_vertical_bronze_circle,assets/sku/diy-door-원슬라이딩-필름블랙-세로통간살-브론즈-원형.png
4,원슬라이딩,필름,블랙,세로통간살,브론즈,일자형,원슬라이딩_film_black_vertical_bronze_bar,assets/sku/diy-door-원슬라이딩-필름블랙-세로통간살-브론즈-일자형.png
4,원슬라이딩,필름,블랙,세로통간살,모루,기본형,원슬라이딩_film_black_vertical_moru_none,assets/sku/diy-door-원슬라이딩-필름블랙-세로통간살-모루-기본형.png
4,원슬라이딩,필름,블랙,세로통간살,모루,원형,원슬라이딩_film_black_vertical_moru_circle,assets/sku/diy-door-원슬라이딩-필름블랙-세로통간살-모루-원형.png
4,원슬라이딩,필름,블랙,세로통간살,모루,일자형,원슬라이딩_film_black_vertical_moru_bar,assets/sku/diy-door-원슬라이딩-필름블랙-세로통간살-모루-일자형.png
4,원슬라이딩,필름,블랙,세로통간살,미스트,기본형,원슬라이딩_film_black_vertical_mist_none,assets/sku/diy-door-원슬라이딩-필름블랙-세로통간살-미스트-기본형.png
4,원슬라이딩,필름,블랙,세로통간살,미스트,원형,원슬라이딩_film_black_vertical_mist_circle,assets/sku/diy-door-원슬라이딩-필름블랙-세로통간살-미스트-원형.png
4,원슬라이딩,필름,블랙,세로통간살,미스트,일자형,원슬라이딩_film_black_vertical_mist_bar,assets/sku/diy-door-원슬라이딩-필름블랙-세로통간살-미스트-일자형.png
4,원슬라이딩,필름,블랙,세로통간살,패브릭,기본형,원슬라이딩_film_black_vertical_fabric_none,assets/sku/diy-door-원슬라이딩-필름블랙-세로통간살-패브릭-기본형.png
4,원슬라이딩,필름,블랙,세로통간살,패브릭,원형,원슬라이딩_film_black_vertical_fabric_circle,assets/sku/diy-door-원슬라이딩-필름블랙-세로통간살-패브릭-원형.png
4,원슬라이딩,필름,블랙,세로통간살,패브릭,일자형,원슬라이딩_film_black_vertical_fabric_bar,assets/sku/diy-door-원슬라이딩-필름블랙-세로통간살-패브릭-일자형.png
4,원슬라이딩,필름,블랙,아치형,투명,원형,원슬라이딩_film_black_arch_clear_circle,assets/sku/diy-door-원슬라이딩-필름블랙-아치형-투명-원형.png
4,원슬라이딩,필름,블랙,아치형,투명,일자형,원슬라이딩_film_black_arch_clear_bar,assets/sku/diy-door-원슬라이딩-필름블랙-아치형-투명-일자형.png
4,원슬라이딩,필름,블랙,아치형,브론즈,기본형,원슬라이딩_film_black_arch_bronze_none,assets/sku/diy-door-원슬라이딩-필름블랙-아치형-브론즈-기본형.png
4,원슬라이딩,필름,블랙,아치형,브론즈,원형,원슬라이딩_film_black_arch_bronze_circle,assets/sku/diy-door-원슬라이딩-필름블랙-아치형-브론즈-원형.png
4,원슬라이딩,필름,블랙,아치형,브론즈,일자형,원슬라이딩_film_black_arch_bronze_bar,assets/sku/diy-door-원슬라이딩-필름블랙-아치형-브론즈-일자형.png
4,원슬라이딩,필름,블랙,아치형,모루,기본형,원슬라이딩_film_black_arch_moru_none,assets/sku/diy-door-원슬라이딩-필름블랙-아치형-모루-기본형.png
4,원슬라이딩,필름,블랙,아치형,모루,원형,원슬라이딩_film_black_arch_moru_circle,assets/sku/diy-door-원슬라이딩-필름블랙-아치형-모루-원형.png
4,원슬라이딩,필름,블랙,아치형,모루,일자형,원슬라이딩_film_black_arch_moru_bar,assets/sku/diy-door-원슬라이딩-필름블랙-아치형-모루-일자형.png
4,원슬라이딩,필름,블랙,아치형,미스트,기본형,원슬라이딩_film_black_arch_mist_none,assets/sku/diy-door-원슬라이딩-필름블랙-아치형-미스트-기본형.png
4,원슬라이딩,필름,블랙,아치형,미스트,원형,원슬라이딩_film_black_arch_mist_circle,assets/sku/diy-door-원슬라이딩-필름블랙-아치형-미스트-원형.png
4,원슬라이딩,필름,블랙,아치형,미스트,일자형,원슬라이딩_film_black_arch_mist_bar,assets/sku/diy-door-원슬라이딩-필름블랙-아치형-미스트-일자형.png
4,원슬라이딩,필름,블랙,아치형,패브릭,기본형,원슬라이딩_film_black_arch_fabric_none,assets/sku/diy-door-원슬라이딩-필름블랙-아치형-패브릭-기본형.png
4,원슬라이딩,필름,블랙,아치형,패브릭,원형,원슬라이딩_film_black_arch_fabric_circle,assets/sku/diy-door-원슬라이딩-필름블랙-아치형-패브릭-원형.png
4,원슬라이딩,필름,블랙,아치형,패브릭,일자형,원슬라이딩_film_black_arch_fabric_bar,assets/sku/diy-door-원슬라이딩-필름블랙-아치형-패브릭-일자형.png
4,스윙폴딩,도장,화이트,가로통간살,브론즈,원형,스윙폴딩_paint_white_horizontal_bronze_circle,assets/sku/diy-door-스윙폴딩-도장화이트-가로통간살-브론즈-원형.png
4,스윙폴딩,도장,화이트,가로통간살,브론즈,일자형,스윙폴딩_paint_white_horizontal_bronze_bar,assets/sku/diy-door-스윙폴딩-도장화이트-가로통간살-브론즈-일자형.png
4,스윙폴딩,도장,화이트,가로통간살,모루,원형,스윙폴딩_paint_white_horizontal_moru_circle,assets/sku/diy-door-스윙폴딩-도장화이트-가로통간살-모루-원형.png
4,스윙폴딩,도장,화이트,가로통간살,모루,일자형,스윙폴딩_paint_white_horizontal_moru_bar,assets/sku/diy-door-스윙폴딩-도장화이트-가로통간살-모루-일자형.png
4,스윙폴딩,도장,화이트,가로통간살,미스트,원형,스윙폴딩_paint_white_horizontal_mist_circle,assets/sku/diy-door-스윙폴딩-도장화이트-가로통간살-미스트-원형.png
4,스윙폴딩,도장,화이트,가로통간살,미스트,일자형,스윙폴딩_paint_white_horizontal_mist_bar,assets/sku/diy-door-스윙폴딩-도장화이트-가로통간살-미스트-일자형.png
4,스윙폴딩,도장,화이트,가로통간살,패브릭,원형,스윙폴딩_paint_white_horizontal_fabric_circle,assets/sku/diy-door-스윙폴딩-도장화이트-가로통간살-패브릭-원형.png
4,스윙폴딩,도장,화이트,가로통간살,패브릭,일자형,스윙폴딩_paint_white_horizontal_fabric_bar,assets/sku/diy-door-스윙폴딩-도장화이트-가로통간살-패브릭-일자형.png
4,스윙폴딩,도장,화이트,세로통간살,브론즈,원형,스윙폴딩_paint_white_vertical_bronze_circle,assets/sku/diy-door-스윙폴딩-도장화이트-세로통간살-브론즈-원형.png
4,스윙폴딩,도장,화이트,세로통간살,브론즈,일자형,스윙폴딩_paint_white_vertical_bronze_bar,assets/sku/diy-door-스윙폴딩-도장화이트-세로통간살-브론즈-일자형.png
4,스윙폴딩,도장,화이트,세로통간살,모루,원형,스윙폴딩_paint_white_vertical_moru_circle,assets/sku/diy-door-스윙폴딩-도장화이트-세로통간살-모루-원형.png
4,스윙폴딩,도장,화이트,세로통간살,모루,일자형,스윙폴딩_paint_white_vertical_moru_bar,assets/sku/diy-door-스윙폴딩-도장화이트-세로통간살-모루-일자형.png
4,스윙폴딩,도장,화이트,세로통간살,미스트,원형,스윙폴딩_paint_white_vertical_mist_circle,assets/sku/diy-door-스윙폴딩-도장화이트-세로통간살-미스트-원형.png
4,스윙폴딩,도장,화이트,세로통간살,미스트,일자형,스윙폴딩_paint_white_vertical_mist_bar,assets/sku/diy-door-스윙폴딩-도장화이트-세로통간살-미스트-일자형.png
4,스윙폴딩,도장,화이트,세로통간살,패브릭,원형,스윙폴딩_paint_white_vertical_fabric_circle,assets/sku/diy-door-스윙폴딩-도장화이트-세로통간살-패브릭-원형.png
4,스윙폴딩,도장,화이트,세로통간살,패브릭,일자형,스윙폴딩_paint_white_vertical_fabric_bar,assets/sku/diy-door-스윙폴딩-도장화이트-세로통간살-패브릭-일자형.png
4,스윙폴딩,도장,화이트,아치형,브론즈,원형,스윙폴딩_paint_white_arch_bronze_circle,assets/sku/diy-door-스윙폴딩-도장화이트-아치형-브론즈-원형.png
4,스윙폴딩,도장,화이트,아치형,브론즈,일자형,스윙폴딩_paint_white_arch_bronze_bar,assets/sku/diy-door-스윙폴딩-도장화이트-아치형-브론즈-일자형.png
4,스윙폴딩,도장,화이트,아치형,모루,원형,스윙폴딩_paint_white_arch_moru_circle,assets/sku/diy-door-스윙폴딩-도장화이트-아치형-모루-원형.png
4,스윙폴딩,도장,화이트,아치형,모루,일자형,스윙폴딩_paint_white_arch_moru_bar,assets/sku/diy-door-스윙폴딩-도장화이트-아치형-모루-일자형.png
4,스윙폴딩,도장,화이트,아치형,미스트,원형,스윙폴딩_paint_white_arch_mist_circle,assets/sku/diy-door-스윙폴딩-도장화이트-아치형-미스트-원형.png
4,스윙폴딩,도장,화이트,아치형,미스트,일자형,스윙폴딩_paint_white_arch_mist_bar,assets/sku/diy-door-스윙폴딩-도장화이트-아치형-미스트-일자형.png
4,스윙폴딩,도장,화이트,아치형,패브릭,원형,스윙폴딩_paint_white_arch_fabric_circle,assets/sku/diy-door-스윙폴딩-도장화이트-아치형-패브릭-원형.png
4,스윙폴딩,도장,화이트,아치형,패브릭,일자형,스윙폴딩_paint_white_arch_fabric_bar,assets/sku/diy-door-스윙폴딩-도장화이트-아치형-패브릭-일자형.png
4,스윙폴딩,도장,그레이,민자,브론즈,원형,스윙폴딩_paint_gray_none_bronze_circle,assets/sku/diy-door-스윙폴딩-도장그레이-민자-브론즈-원형.png
4,스윙폴딩,도장,그레이,민자,브론즈,일자형,스윙폴딩_paint_gray_none_bronze_bar,assets/sku/diy-door-스윙폴딩-도장그레이-민자-브론즈-일자형.png
4,스윙폴딩,도장,그레이,민자,모루,원형,스윙폴딩_paint_gray_none_moru_circle,assets/sku/diy-door-스윙폴딩-도장그레이-민자-모루-원형.png
4,스윙폴딩,도장,그레이,민자,모루,일자형,스윙폴딩_paint_gray_none_moru_bar,assets/sku/diy-door-스윙폴딩-도장그레이-민자-모루-일자형.png
4,스윙폴딩,도장,그레이,민자,미스트,원형,스윙폴딩_paint_gray_none_mist_circle,assets/sku/diy-door-스윙폴딩-도장그레이-민자-미스트-원형.png
4,스윙폴딩,도장,그레이,민자,미스트,일자형,스윙폴딩_paint_gray_none_mist_bar,assets/sku/diy-door-스윙폴딩-도장그레이-민자-미스트-일자형.png
4,스윙폴딩,도장,그레이,민자,패브릭,원형,스윙폴딩_paint_gray_none_fabric_circle,assets/sku/diy-door-스윙폴딩-도장그레이-민자-패브릭-원형.png
4,스윙폴딩,도장,그레이,민자,패브릭,일자형,스윙폴딩_paint_gray_none_fabric_bar,assets/sku/diy-door-스윙폴딩-도장그레이-민자-패브릭-일자형.png
4,스윙폴딩,도장,그레이,가로통간살,투명,원형,스윙폴딩_paint_gray_horizontal_clear_circle,assets/sku/diy-door-스윙폴딩-도장그레이-가로통간살-투명-원형.png
4,스윙폴딩,도장,그레이,가로통간살,투명,일자형,스윙폴딩_paint_gray_horizontal_clear_bar,assets/sku/diy-door-스윙폴딩-도장그레이-가로통간살-투명-일자형.png
4,스윙폴딩,도장,그레이,가로통간살,브론즈,기본형,스윙폴딩_paint_gray_horizontal_bronze_none,assets/sku/diy-door-스윙폴딩-도장그레이-가로통간살-브론즈-기본형.png
4,스윙폴딩,도장,그레이,가로통간살,브론즈,원형,스윙폴딩_paint_gray_horizontal_bronze_circle,assets/sku/diy-door-스윙폴딩-도장그레이-가로통간살-브론즈-원형.png
4,스윙폴딩,도장,그레이,가로통간살,브론즈,일자형,스윙폴딩_paint_gray_horizontal_bronze_bar,assets/sku/diy-door-스윙폴딩-도장그레이-가로통간살-브론즈-일자형.png
4,스윙폴딩,도장,그레이,가로통간살,모루,기본형,스윙폴딩_paint_gray_horizontal_moru_none,assets/sku/diy-door-스윙폴딩-도장그레이-가로통간살-모루-기본형.png
4,스윙폴딩,도장,그레이,가로통간살,모루,원형,스윙폴딩_paint_gray_horizontal_moru_circle,assets/sku/diy-door-스윙폴딩-도장그레이-가로통간살-모루-원형.png
4,스윙폴딩,도장,그레이,가로통간살,모루,일자형,스윙폴딩_paint_gray_horizontal_moru_bar,assets/sku/diy-door-스윙폴딩-도장그레이-가로통간살-모루-일자형.png
4,스윙폴딩,도장,그레이,가로통간살,미스트,기본형,스윙폴딩_paint_gray_horizontal_mist_none,assets/sku/diy-door-스윙폴딩-도장그레이-가로통간살-미스트-기본형.png
4,스윙폴딩,도장,그레이,가로통간살,미스트,원형,스윙폴딩_paint_gray_horizontal_mist_circle,assets/sku/diy-door-스윙폴딩-도장그레이-가로통간살-미스트-원형.png
4,스윙폴딩,도장,그레이,가로통간살,미스트,일자형,스윙폴딩_paint_gray_horizontal_mist_bar,assets/sku/diy-door-스윙폴딩-도장그레이-가로통간살-미스트-일자형.png
4,스윙폴딩,도장,그레이,가로통간살,패브릭,기본형,스윙폴딩_paint_gray_horizontal_fabric_none,assets/sku/diy-door-스윙폴딩-도장그레이-가로통간살-패브릭-기본형.png
4,스윙폴딩,도장,그레이,가로통간살,패브릭,원형,스윙폴딩_paint_gray_horizontal_fabric_circle,assets/sku/diy-door-스윙폴딩-도장그레이-가로통간살-패브릭-원형.png
4,스윙폴딩,도장,그레이,가로통간살,패브릭,일자형,스윙폴딩_paint_gray_horizontal_fabric_bar,assets/sku/diy-door-스윙폴딩-도장그레이-가로통간살-패브릭-일자형.png
4,스윙폴딩,도장,그레이,세로통간살,투명,원형,스윙폴딩_paint_gray_vertical_clear_circle,assets/sku/diy-door-스윙폴딩-도장그레이-세로통간살-투명-원형.png
4,스윙폴딩,도장,그레이,세로통간살,투명,일자형,스윙폴딩_paint_gray_vertical_clear_bar,assets/sku/diy-door-스윙폴딩-도장그레이-세로통간살-투명-일자형.png
4,스윙폴딩,도장,그레이,세로통간살,브론즈,기본형,스윙폴딩_paint_gray_vertical_bronze_none,assets/sku/diy-door-스윙폴딩-도장그레이-세로통간살-브론즈-기본형.png
4,스윙폴딩,도장,그레이,세로통간살,브론즈,원형,스윙폴딩_paint_gray_vertical_bronze_circle,assets/sku/diy-door-스윙폴딩-도장그레이-세로통간살-브론즈-원형.png
4,스윙폴딩,도장,그레이,세로통간살,브론즈,일자형,스윙폴딩_paint_gray_vertical_bronze_bar,assets/sku/diy-door-스윙폴딩-도장그레이-세로통간살-브론즈-일자형.png
4,스윙폴딩,도장,그레이,세로통간살,모루,기본형,스윙폴딩_paint_gray_vertical_moru_none,assets/sku/diy-door-스윙폴딩-도장그레이-세로통간살-모루-기본형.png
4,스윙폴딩,도장,그레이,세로통간살,모루,원형,스윙폴딩_paint_gray_vertical_moru_circle,assets/sku/diy-door-스윙폴딩-도장그레이-세로통간살-모루-원형.png
4,스윙폴딩,도장,그레이,세로통간살,모루,일자형,스윙폴딩_paint_gray_vertical_moru_bar,assets/sku/diy-door-스윙폴딩-도장그레이-세로통간살-모루-일자형.png
4,스윙폴딩,도장,그레이,세로통간살,미스트,기본형,스윙폴딩_paint_gray_vertical_mist_none,assets/sku/diy-door-스윙폴딩-도장그레이-세로통간살-미스트-기본형.png
4,스윙폴딩,도장,그레이,세로통간살,미스트,원형,스윙폴딩_paint_gray_vertical_mist_circle,assets/sku/diy-door-스윙폴딩-도장그레이-세로통간살-미스트-원형.png
4,스윙폴딩,도장,그레이,세로통간살,미스트,일자형,스윙폴딩_paint_gray_vertical_mist_bar,assets/sku/diy-door-스윙폴딩-도장그레이-세로통간살-미스트-일자형.png
4,스윙폴딩,도장,그레이,세로통간살,패브릭,기본형,스윙폴딩_paint_gray_vertical_fabric_none,assets/sku/diy-door-스윙폴딩-도장그레이-세로통간살-패브릭-기본형.png
4,스윙폴딩,도장,그레이,세로통간살,패브릭,원형,스윙폴딩_paint_gray_vertical_fabric_circle,assets/sku/diy-door-스윙폴딩-도장그레이-세로통간살-패브릭-원형.png
4,스윙폴딩,도장,그레이,세로통간살,패브릭,일자형,스윙폴딩_paint_gray_vertical_fabric_bar,assets/sku/diy-door-스윙폴딩-도장그레이-세로통간살-패브릭-일자형.png
4,스윙폴딩,도장,그레이,아치형,투명,원형,스윙폴딩_paint_gray_arch_clear_circle,assets/sku/diy-door-스윙폴딩-도장그레이-아치형-투명-원형.png
4,스윙폴딩,도장,그레이,아치형,투명,일자형,스윙폴딩_paint_gray_arch_clear_bar,assets/sku/diy-door-스윙폴딩-도장그레이-아치형-투명-일자형.png
4,스윙폴딩,도장,그레이,아치형,브론즈,기본형,스윙폴딩_paint_gray_arch_bronze_none,assets/sku/diy-door-스윙폴딩-도장그레이-아치형-브론즈-기본형.png
4,스윙폴딩,도장,그레이,아치형,브론즈,원형,스윙폴딩_paint_gray_arch_bronze_circle,assets/sku/diy-door-스윙폴딩-도장그레이-아치형-브론즈-원형.png
4,스윙폴딩,도장,그레이,아치형,브론즈,일자형,스윙폴딩_paint_gray_arch_bronze_bar,assets/sku/diy-door-스윙폴딩-도장그레이-아치형-브론즈-일자형.png
4,스윙폴딩,도장,그레이,아치형,모루,기본형,스윙폴딩_paint_gray_arch_moru_none,assets/sku/diy-door-스윙폴딩-도장그레이-아치형-모루-기본형.png
4,스윙폴딩,도장,그레이,아치형,모루,원형,스윙폴딩_paint_gray_arch_moru_circle,assets/sku/diy-door-스윙폴딩-도장그레이-아치형-모루-원형.png
4,스윙폴딩,도장,그레이,아치형,모루,일자형,스윙폴딩_paint_gray_arch_moru_bar,assets/sku/diy-door-스윙폴딩-도장그레이-아치형-모루-일자형.png
4,스윙폴딩,도장,그레이,아치형,미스트,기본형,스윙폴딩_paint_gray_arch_mist_none,assets/sku/diy-door-스윙폴딩-도장그레이-아치형-미스트-기본형.png
4,스윙폴딩,도장,그레이,아치형,미스트,원형,스윙폴딩_paint_gray_arch_mist_circle,assets/sku/diy-door-스윙폴딩-도장그레이-아치형-미스트-원형.png
4,스윙폴딩,도장,그레이,아치형,미스트,일자형,스윙폴딩_paint_gray_arch_mist_bar,assets/sku/diy-door-스윙폴딩-도장그레이-아치형-미스트-일자형.png
4,스윙폴딩,도장,그레이,아치형,패브릭,기본형,스윙폴딩_paint_gray_arch_fabric_none,assets/sku/diy-door-스윙폴딩-도장그레이-아치형-패브릭-기본형.png
4,스윙폴딩,도장,그레이,아치형,패브릭,원형,스윙폴딩_paint_gray_arch_fabric_circle,assets/sku/diy-door-스윙폴딩-도장그레이-아치형-패브릭-원형.png
4,스윙폴딩,도장,그레이,아치형,패브릭,일자형,스윙폴딩_paint_gray_arch_fabric_bar,assets/sku/diy-door-스윙폴딩-도장그레이-아치형-패브릭-일자형.png
4,스윙폴딩,도장,블랙,민자,브론즈,원형,스윙폴딩_paint_black_none_bronze_circle,assets/sku/diy-door-스윙폴딩-도장블랙-민자-브론즈-원형.png
4,스윙폴딩,도장,블랙,민자,브론즈,일자형,스윙폴딩_paint_black_none_bronze_bar,assets/sku/diy-door-스윙폴딩-도장블랙-민자-브론즈-일자형.png
4,스윙폴딩,도장,블랙,민자,모루,원형,스윙폴딩_paint_black_none_moru_circle,assets/sku/diy-door-스윙폴딩-도장블랙-민자-모루-원형.png
4,스윙폴딩,도장,블랙,민자,모루,일자형,스윙폴딩_paint_black_none_moru_bar,assets/sku/diy-door-스윙폴딩-도장블랙-민자-모루-일자형.png
4,스윙폴딩,도장,블랙,민자,미스트,원형,스윙폴딩_paint_black_none_mist_circle,assets/sku/diy-door-스윙폴딩-도장블랙-민자-미스트-원형.png
4,스윙폴딩,도장,블랙,민자,미스트,일자형,스윙폴딩_paint_black_none_mist_bar,assets/sku/diy-door-스윙폴딩-도장블랙-민자-미스트-일자형.png
4,스윙폴딩,도장,블랙,민자,패브릭,원형,스윙폴딩_paint_black_none_fabric_circle,assets/sku/diy-door-스윙폴딩-도장블랙-민자-패브릭-원형.png
4,스윙폴딩,도장,블랙,민자,패브릭,일자형,스윙폴딩_paint_black_none_fabric_bar,assets/sku/diy-door-스윙폴딩-도장블랙-민자-패브릭-일자형.png
4,스윙폴딩,도장,블랙,가로통간살,투명,원형,스윙폴딩_paint_black_horizontal_clear_circle,assets/sku/diy-door-스윙폴딩-도장블랙-가로통간살-투명-원형.png
4,스윙폴딩,도장,블랙,가로통간살,투명,일자형,스윙폴딩_paint_black_horizontal_clear_bar,assets/sku/diy-door-스윙폴딩-도장블랙-가로통간살-투명-일자형.png
4,스윙폴딩,도장,블랙,가로통간살,브론즈,기본형,스윙폴딩_paint_black_horizontal_bronze_none,assets/sku/diy-door-스윙폴딩-도장블랙-가로통간살-브론즈-기본형.png
4,스윙폴딩,도장,블랙,가로통간살,브론즈,원형,스윙폴딩_paint_black_horizontal_bronze_circle,assets/sku/diy-door-스윙폴딩-도장블랙-가로통간살-브론즈-원형.png
4,스윙폴딩,도장,블랙,가로통간살,브론즈,일자형,스윙폴딩_paint_black_horizontal_bronze_bar,assets/sku/diy-door-스윙폴딩-도장블랙-가로통간살-브론즈-일자형.png
4,스윙폴딩,도장,블랙,가로통간살,모루,기본형,스윙폴딩_paint_black_horizontal_moru_none,assets/sku/diy-door-스윙폴딩-도장블랙-가로통간살-모루-기본형.png
4,스윙폴딩,도장,블랙,가로통간살,모루,원형,스윙폴딩_paint_black_horizontal_moru_circle,assets/sku/diy-door-스윙폴딩-도장블랙-가로통간살-모루-원형.png
4,스윙폴딩,도장,블랙,가로통간살,모루,일자형,스윙폴딩_paint_black_horizontal_moru_bar,assets/sku/diy-door-스윙폴딩-도장블랙-가로통간살-모루-일자형.png
4,스윙폴딩,도장,블랙,가로통간살,미스트,기본형,스윙폴딩_paint_black_horizontal_mist_none,assets/sku/diy-door-스윙폴딩-도장블랙-가로통간살-미스트-기본형.png
4,스윙폴딩,도장,블랙,가로통간살,미스트,원형,스윙폴딩_paint_black_horizontal_mist_circle,assets/sku/diy-door-스윙폴딩-도장블랙-가로통간살-미스트-원형.png
4,스윙폴딩,도장,블랙,가로통간살,미스트,일자형,스윙폴딩_paint_black_horizontal_mist_bar,assets/sku/diy-door-스윙폴딩-도장블랙-가로통간살-미스트-일자형.png
4,스윙폴딩,도장,블랙,가로통간살,패브릭,기본형,스윙폴딩_paint_black_horizontal_fabric_none,assets/sku/diy-door-스윙폴딩-도장블랙-가로통간살-패브릭-기본형.png
4,스윙폴딩,도장,블랙,가로통간살,패브릭,원형,스윙폴딩_paint_black_horizontal_fabric_circle,assets/sku/diy-door-스윙폴딩-도장블랙-가로통간살-패브릭-원형.png
4,스윙폴딩,도장,블랙,가로통간살,패브릭,일자형,스윙폴딩_paint_black_horizontal_fabric_bar,assets/sku/diy-door-스윙폴딩-도장블랙-가로통간살-패브릭-일자형.png
4,스윙폴딩,도장,블랙,세로통간살,투명,원형,스윙폴딩_paint_black_vertical_clear_circle,assets/sku/diy-door-스윙폴딩-도장블랙-세로통간살-투명-원형.png
4,스윙폴딩,도장,블랙,세로통간살,투명,일자형,스윙폴딩_paint_black_vertical_clear_bar,assets/sku/diy-door-스윙폴딩-도장블랙-세로통간살-투명-일자형.png
4,스윙폴딩,도장,블랙,세로통간살,브론즈,기본형,스윙폴딩_paint_black_vertical_bronze_none,assets/sku/diy-door-스윙폴딩-도장블랙-세로통간살-브론즈-기본형.png
4,스윙폴딩,도장,블랙,세로통간살,브론즈,원형,스윙폴딩_paint_black_vertical_bronze_circle,assets/sku/diy-door-스윙폴딩-도장블랙-세로통간살-브론즈-원형.png
4,스윙폴딩,도장,블랙,세로통간살,브론즈,일자형,스윙폴딩_paint_black_vertical_bronze_bar,assets/sku/diy-door-스윙폴딩-도장블랙-세로통간살-브론즈-일자형.png
4,스윙폴딩,도장,블랙,세로통간살,모루,기본형,스윙폴딩_paint_black_vertical_moru_none,assets/sku/diy-door-스윙폴딩-도장블랙-세로통간살-모루-기본형.png
4,스윙폴딩,도장,블랙,세로통간살,모루,원형,스윙폴딩_paint_black_vertical_moru_circle,assets/sku/diy-door-스윙폴딩-도장블랙-세로통간살-모루-원형.png
4,스윙폴딩,도장,블랙,세로통간살,모루,일자형,스윙폴딩_paint_black_vertical_moru_bar,assets/sku/diy-door-스윙폴딩-도장블랙-세로통간살-모루-일자형.png
4,스윙폴딩,도장,블랙,세로통간살,미스트,기본형,스윙폴딩_paint_black_vertical_mist_none,assets/sku/diy-door-스윙폴딩-도장블랙-세로통간살-미스트-기본형.png
4,스윙폴딩,도장,블랙,세로통간살,미스트,원형,스윙폴딩_paint_black_vertical_mist_circle,assets/sku/diy-door-스윙폴딩-도장블랙-세로통간살-미스트-원형.png
4,스윙폴딩,도장,블랙,세로통간살,미스트,일자형,스윙폴딩_paint_black_vertical_mist_bar,assets/sku/diy-door-스윙폴딩-도장블랙-세로통간살-미스트-일자형.png
4,스윙폴딩,도장,블랙,세로통간살,패브릭,기본형,스윙폴딩_paint_black_vertical_fabric_none,assets/sku/diy-door-스윙폴딩-도장블랙-세로통간살-패브릭-기본형.png
4,스윙폴딩,도장,블랙,세로통간살,패브릭,원형,스윙폴딩_paint_black_vertical_fabric_circle,assets/sku/diy-door-스윙폴딩-도장블랙-세로통간살-패브릭-원형.png
4,스윙폴딩,도장,블랙,세로통간살,패브릭,일자형,스윙폴딩_paint_black_vertical_fabric_bar,assets/sku/diy-door-스윙폴딩-도장블랙-세로통간살-패브릭-일자형.png
4,스윙폴딩,도장,블랙,아치형,투명,원형,스윙폴딩_paint_black_arch_clear_circle,assets/sku/diy-door-스윙폴딩-도장블랙-아치형-투명-원형.png
4,스윙폴딩,도장,블랙,아치형,투명,일자형,스윙폴딩_paint_black_arch_clear_bar,assets/sku/diy-door-스윙폴딩-도장블랙-아치형-투명-일자형.png
4,스윙폴딩,도장,블랙,아치형,브론즈,기본형,스윙폴딩_paint_black_arch_bronze_none,assets/sku/diy-door-스윙폴딩-도장블랙-아치형-브론즈-기본형.png
4,스윙폴딩,도장,블랙,아치형,브론즈,원형,스윙폴딩_paint_black_arch_bronze_circle,assets/sku/diy-door-스윙폴딩-도장블랙-아치형-브론즈-원형.png
4,스윙폴딩,도장,블랙,아치형,브론즈,일자형,스윙폴딩_paint_black_arch_bronze_bar,assets/sku/diy-door-스윙폴딩-도장블랙-아치형-브론즈-일자형.png
4,스윙폴딩,도장,블랙,아치형,모루,기본형,스윙폴딩_paint_black_arch_moru_none,assets/sku/diy-door-스윙폴딩-도장블랙-아치형-모루-기본형.png
4,스윙폴딩,도장,블랙,아치형,모루,원형,스윙폴딩_paint_black_arch_moru_circle,assets/sku/diy-door-스윙폴딩-도장블랙-아치형-모루-원형.png
4,스윙폴딩,도장,블랙,아치형,모루,일자형,스윙폴딩_paint_black_arch_moru_bar,assets/sku/diy-door-스윙폴딩-도장블랙-아치형-모루-일자형.png
4,스윙폴딩,도장,블랙,아치형,미스트,기본형,스윙폴딩_paint_black_arch_mist_none,assets/sku/diy-door-스윙폴딩-도장블랙-아치형-미스트-기본형.png
4,스윙폴딩,도장,블랙,아치형,미스트,원형,스윙폴딩_paint_black_arch_mist_circle,assets/sku/diy-door-스윙폴딩-도장블랙-아치형-미스트-원형.png
4,스윙폴딩,도장,블랙,아치형,미스트,일자형,스윙폴딩_paint_black_arch_mist_bar,assets/sku/diy-door-스윙폴딩-도장블랙-아치형-미스트-일자형.png
4,스윙폴딩,도장,블랙,아치형,패브릭,기본형,스윙폴딩_paint_black_arch_fabric_none,assets/sku/diy-door-스윙폴딩-도장블랙-아치형-패브릭-기본형.png
4,스윙폴딩,도장,블랙,아치형,패브릭,원형,스윙폴딩_paint_black_arch_fabric_circle,assets/sku/diy-door-스윙폴딩-도장블랙-아치형-패브릭-원형.png
4,스윙폴딩,도장,블랙,아치형,패브릭,일자형,스윙폴딩_paint_black_arch_fabric_bar,assets/sku/diy-door-스윙폴딩-도장블랙-아치형-패브릭-일자형.png
4,스윙폴딩,필름,화이트,민자,브론즈,원형,스윙폴딩_film_white_none_bronze_circle,assets/sku/diy-door-스윙폴딩-필름화이트-민자-브론즈-원형.png
4,스윙폴딩,필름,화이트,민자,브론즈,일자형,스윙폴딩_film_white_none_bronze_bar,assets/sku/diy-door-스윙폴딩-필름화이트-민자-브론즈-일자형.png
4,스윙폴딩,필름,화이트,민자,모루,원형,스윙폴딩_film_white_none_moru_circle,assets/sku/diy-door-스윙폴딩-필름화이트-민자-모루-원형.png
4,스윙폴딩,필름,화이트,민자,모루,일자형,스윙폴딩_film_white_none_moru_bar,assets/sku/diy-door-스윙폴딩-필름화이트-민자-모루-일자형.png
4,스윙폴딩,필름,화이트,민자,미스트,원형,스윙폴딩_film_white_none_mist_circle,assets/sku/diy-door-스윙폴딩-필름화이트-민자-미스트-원형.png
4,스윙폴딩,필름,화이트,민자,미스트,일자형,스윙폴딩_film_white_none_mist_bar,assets/sku/diy-door-스윙폴딩-필름화이트-민자-미스트-일자형.png
4,스윙폴딩,필름,화이트,민자,패브릭,원형,스윙폴딩_film_white_none_fabric_circle,assets/sku/diy-door-스윙폴딩-필름화이트-민자-패브릭-원형.png
4,스윙폴딩,필름,화이트,민자,패브릭,일자형,스윙폴딩_film_white_none_fabric_bar,assets/sku/diy-door-스윙폴딩-필름화이트-민자-패브릭-일자형.png
4,스윙폴딩,필름,화이트,가로통간살,투명,원형,스윙폴딩_film_white_horizontal_clear_circle,assets/sku/diy-door-스윙폴딩-필름화이트-가로통간살-투명-원형.png
4,스윙폴딩,필름,화이트,가로통간살,투명,일자형,스윙폴딩_film_white_horizontal_clear_bar,assets/sku/diy-door-스윙폴딩-필름화이트-가로통간살-투명-일자형.png
4,스윙폴딩,필름,화이트,가로통간살,브론즈,기본형,스윙폴딩_film_white_horizontal_bronze_none,assets/sku/diy-door-스윙폴딩-필름화이트-가로통간살-브론즈-기본형.png
4,스윙폴딩,필름,화이트,가로통간살,브론즈,원형,스윙폴딩_film_white_horizontal_bronze_circle,assets/sku/diy-door-스윙폴딩-필름화이트-가로통간살-브론즈-원형.png
4,스윙폴딩,필름,화이트,가로통간살,브론즈,일자형,스윙폴딩_film_white_horizontal_bronze_bar,assets/sku/diy-door-스윙폴딩-필름화이트-가로통간살-브론즈-일자형.png
4,스윙폴딩,필름,화이트,가로통간살,모루,기본형,스윙폴딩_film_white_horizontal_moru_none,assets/sku/diy-door-스윙폴딩-필름화이트-가로통간살-모루-기본형.png
4,스윙폴딩,필름,화이트,가로통간살,모루,원형,스윙폴딩_film_white_horizontal_moru_circle,assets/sku/diy-door-스윙폴딩-필름화이트-가로통간살-모루-원형.png
4,스윙폴딩,필름,화이트,가로통간살,모루,일자형,스윙폴딩_film_white_horizontal_moru_bar,assets/sku/diy-door-스윙폴딩-필름화이트-가로통간살-모루-일자형.png
4,스윙폴딩,필름,화이트,가로통간살,미스트,기본형,스윙폴딩_film_white_horizontal_mist_none,assets/sku/diy-door-스윙폴딩-필름화이트-가로통간살-미스트-기본형.png
4,스윙폴딩,필름,화이트,가로통간살,미스트,원형,스윙폴딩_film_white_horizontal_mist_circle,assets/sku/diy-door-스윙폴딩-필름화이트-가로통간살-미스트-원형.png
4,스윙폴딩,필름,화이트,가로통간살,미스트,일자형,스윙폴딩_film_white_horizontal_mist_bar,assets/sku/diy-door-스윙폴딩-필름화이트-가로통간살-미스트-일자형.png
4,스윙폴딩,필름,화이트,가로통간살,패브릭,기본형,스윙폴딩_film_white_horizontal_fabric_none,assets/sku/diy-door-스윙폴딩-필름화이트-가로통간살-패브릭-기본형.png
4,스윙폴딩,필름,화이트,가로통간살,패브릭,원형,스윙폴딩_film_white_horizontal_fabric_circle,assets/sku/diy-door-스윙폴딩-필름화이트-가로통간살-패브릭-원형.png
4,스윙폴딩,필름,화이트,가로통간살,패브릭,일자형,스윙폴딩_film_white_horizontal_fabric_bar,assets/sku/diy-door-스윙폴딩-필름화이트-가로통간살-패브릭-일자형.png
4,스윙폴딩,필름,화이트,세로통간살,투명,원형,스윙폴딩_film_white_vertical_clear_circle,assets/sku/diy-door-스윙폴딩-필름화이트-세로통간살-투명-원형.png
4,스윙폴딩,필름,화이트,세로통간살,투명,일자형,스윙폴딩_film_white_vertical_clear_bar,assets/sku/diy-door-스윙폴딩-필름화이트-세로통간살-투명-일자형.png
4,스윙폴딩,필름,화이트,세로통간살,브론즈,기본형,스윙폴딩_film_white_vertical_bronze_none,assets/sku/diy-door-스윙폴딩-필름화이트-세로통간살-브론즈-기본형.png
4,스윙폴딩,필름,화이트,세로통간살,브론즈,원형,스윙폴딩_film_white_vertical_bronze_circle,assets/sku/diy-door-스윙폴딩-필름화이트-세로통간살-브론즈-원형.png
4,스윙폴딩,필름,화이트,세로통간살,브론즈,일자형,스윙폴딩_film_white_vertical_bronze_bar,assets/sku/diy-door-스윙폴딩-필름화이트-세로통간살-브론즈-일자형.png
4,스윙폴딩,필름,화이트,세로통간살,모루,기본형,스윙폴딩_film_white_vertical_moru_none,assets/sku/diy-door-스윙폴딩-필름화이트-세로통간살-모루-기본형.png
4,스윙폴딩,필름,화이트,세로통간살,모루,원형,스윙폴딩_film_white_vertical_moru_circle,assets/sku/diy-door-스윙폴딩-필름화이트-세로통간살-모루-원형.png
4,스윙폴딩,필름,화이트,세로통간살,모루,일자형,스윙폴딩_film_white_vertical_moru_bar,assets/sku/diy-door-스윙폴딩-필름화이트-세로통간살-모루-일자형.png
4,스윙폴딩,필름,화이트,세로통간살,미스트,기본형,스윙폴딩_film_white_vertical_mist_none,assets/sku/diy-door-스윙폴딩-필름화이트-세로통간살-미스트-기본형.png
4,스윙폴딩,필름,화이트,세로통간살,미스트,원형,스윙폴딩_film_white_vertical_mist_circle,assets/sku/diy-door-스윙폴딩-필름화이트-세로통간살-미스트-원형.png
4,스윙폴딩,필름,화이트,세로통간살,미스트,일자형,스윙폴딩_film_white_vertical_mist_bar,assets/sku/diy-door-스윙폴딩-필름화이트-세로통간살-미스트-일자형.png
4,스윙폴딩,필름,화이트,세로통간살,패브릭,기본형,스윙폴딩_film_white_vertical_fabric_none,assets/sku/diy-door-스윙폴딩-필름화이트-세로통간살-패브릭-기본형.png
4,스윙폴딩,필름,화이트,세로통간살,패브릭,원형,스윙폴딩_film_white_vertical_fabric_circle,assets/sku/diy-door-스윙폴딩-필름화이트-세로통간살-패브릭-원형.png
4,스윙폴딩,필름,화이트,세로통간살,패브릭,일자형,스윙폴딩_film_white_vertical_fabric_bar,assets/sku/diy-door-스윙폴딩-필름화이트-세로통간살-패브릭-일자형.png
4,스윙폴딩,필름,화이트,아치형,투명,원형,스윙폴딩_film_white_arch_clear_circle,assets/sku/diy-door-스윙폴딩-필름화이트-아치형-투명-원형.png
4,스윙폴딩,필름,화이트,아치형,투명,일자형,스윙폴딩_film_white_arch_clear_bar,assets/sku/diy-door-스윙폴딩-필름화이트-아치형-투명-일자형.png
4,스윙폴딩,필름,화이트,아치형,브론즈,기본형,스윙폴딩_film_white_arch_bronze_none,assets/sku/diy-door-스윙폴딩-필름화이트-아치형-브론즈-기본형.png
4,스윙폴딩,필름,화이트,아치형,브론즈,원형,스윙폴딩_film_white_arch_bronze_circle,assets/sku/diy-door-스윙폴딩-필름화이트-아치형-브론즈-원형.png
4,스윙폴딩,필름,화이트,아치형,브론즈,일자형,스윙폴딩_film_white_arch_bronze_bar,assets/sku/diy-door-스윙폴딩-필름화이트-아치형-브론즈-일자형.png
4,스윙폴딩,필름,화이트,아치형,모루,기본형,스윙폴딩_film_white_arch_moru_none,assets/sku/diy-door-스윙폴딩-필름화이트-아치형-모루-기본형.png
4,스윙폴딩,필름,화이트,아치형,모루,원형,스윙폴딩_film_white_arch_moru_circle,assets/sku/diy-door-스윙폴딩-필름화이트-아치형-모루-원형.png
4,스윙폴딩,필름,화이트,아치형,모루,일자형,스윙폴딩_film_white_arch_moru_bar,assets/sku/diy-door-스윙폴딩-필름화이트-아치형-모루-일자형.png
4,스윙폴딩,필름,화이트,아치형,미스트,기본형,스윙폴딩_film_white_arch_mist_none,assets/sku/diy-door-스윙폴딩-필름화이트-아치형-미스트-기본형.png
4,스윙폴딩,필름,화이트,아치형,미스트,원형,스윙폴딩_film_white_arch_mist_circle,assets/sku/diy-door-스윙폴딩-필름화이트-아치형-미스트-원형.png
4,스윙폴딩,필름,화이트,아치형,미스트,일자형,스윙폴딩_film_white_arch_mist_bar,assets/sku/diy-door-스윙폴딩-필름화이트-아치형-미스트-일자형.png
4,스윙폴딩,필름,화이트,아치형,패브릭,기본형,스윙폴딩_film_white_arch_fabric_none,assets/sku/diy-door-스윙폴딩-필름화이트-아치형-패브릭-기본형.png
4,스윙폴딩,필름,화이트,아치형,패브릭,원형,스윙폴딩_film_white_arch_fabric_circle,assets/sku/diy-door-스윙폴딩-필름화이트-아치형-패브릭-원형.png
4,스윙폴딩,필름,화이트,아치형,패브릭,일자형,스윙폴딩_film_white_arch_fabric_bar,assets/sku/diy-door-스윙폴딩-필름화이트-아치형-패브릭-일자형.png
4,스윙폴딩,필름,그레이,민자,브론즈,원형,스윙폴딩_film_gray_none_bronze_circle,assets/sku/diy-door-스윙폴딩-필름그레이-민자-브론즈-원형.png
4,스윙폴딩,필름,그레이,민자,브론즈,일자형,스윙폴딩_film_gray_none_bronze_bar,assets/sku/diy-door-스윙폴딩-필름그레이-민자-브론즈-일자형.png
4,스윙폴딩,필름,그레이,민자,모루,원형,스윙폴딩_film_gray_none_moru_circle,assets/sku/diy-door-스윙폴딩-필름그레이-민자-모루-원형.png
4,스윙폴딩,필름,그레이,민자,모루,일자형,스윙폴딩_film_gray_none_moru_bar,assets/sku/diy-door-스윙폴딩-필름그레이-민자-모루-일자형.png
4,스윙폴딩,필름,그레이,민자,미스트,원형,스윙폴딩_film_gray_none_mist_circle,assets/sku/diy-door-스윙폴딩-필름그레이-민자-미스트-원형.png
4,스윙폴딩,필름,그레이,민자,미스트,일자형,스윙폴딩_film_gray_none_mist_bar,assets/sku/diy-door-스윙폴딩-필름그레이-민자-미스트-일자형.png
4,스윙폴딩,필름,그레이,민자,패브릭,원형,스윙폴딩_film_gray_none_fabric_circle,assets/sku/diy-door-스윙폴딩-필름그레이-민자-패브릭-원형.png
4,스윙폴딩,필름,그레이,민자,패브릭,일자형,스윙폴딩_film_gray_none_fabric_bar,assets/sku/diy-door-스윙폴딩-필름그레이-민자-패브릭-일자형.png
4,스윙폴딩,필름,그레이,가로통간살,투명,원형,스윙폴딩_film_gray_horizontal_clear_circle,assets/sku/diy-door-스윙폴딩-필름그레이-가로통간살-투명-원형.png
4,스윙폴딩,필름,그레이,가로통간살,투명,일자형,스윙폴딩_film_gray_horizontal_clear_bar,assets/sku/diy-door-스윙폴딩-필름그레이-가로통간살-투명-일자형.png
4,스윙폴딩,필름,그레이,가로통간살,브론즈,기본형,스윙폴딩_film_gray_horizontal_bronze_none,assets/sku/diy-door-스윙폴딩-필름그레이-가로통간살-브론즈-기본형.png
4,스윙폴딩,필름,그레이,가로통간살,브론즈,원형,스윙폴딩_film_gray_horizontal_bronze_circle,assets/sku/diy-door-스윙폴딩-필름그레이-가로통간살-브론즈-원형.png
4,스윙폴딩,필름,그레이,가로통간살,브론즈,일자형,스윙폴딩_film_gray_horizontal_bronze_bar,assets/sku/diy-door-스윙폴딩-필름그레이-가로통간살-브론즈-일자형.png
4,스윙폴딩,필름,그레이,가로통간살,모루,기본형,스윙폴딩_film_gray_horizontal_moru_none,assets/sku/diy-door-스윙폴딩-필름그레이-가로통간살-모루-기본형.png
4,스윙폴딩,필름,그레이,가로통간살,모루,원형,스윙폴딩_film_gray_horizontal_moru_circle,assets/sku/diy-door-스윙폴딩-필름그레이-가로통간살-모루-원형.png
4,스윙폴딩,필름,그레이,가로통간살,모루,일자형,스윙폴딩_film_gray_horizontal_moru_bar,assets/sku/diy-door-스윙폴딩-필름그레이-가로통간살-모루-일자형.png
4,스윙폴딩,필름,그레이,가로통간살,미스트,기본형,스윙폴딩_film_gray_horizontal_mist_none,assets/sku/diy-door-스윙폴딩-필름그레이-가로통간살-미스트-기본형.png
4,스윙폴딩,필름,그레이,가로통간살,미스트,원형,스윙폴딩_film_gray_horizontal_mist_circle,assets/sku/diy-door-스윙폴딩-필름그레이-가로통간살-미스트-원형.png
4,스윙폴딩,필름,그레이,가로통간살,미스트,일자형,스윙폴딩_film_gray_horizontal_mist_bar,assets/sku/diy-door-스윙폴딩-필름그레이-가로통간살-미스트-일자형.png
4,스윙폴딩,필름,그레이,가로통간살,패브릭,기본형,스윙폴딩_film_gray_horizontal_fabric_none,assets/sku/diy-door-스윙폴딩-필름그레이-가로통간살-패브릭-기본형.png
4,스윙폴딩,필름,그레이,가로통간살,패브릭,원형,스윙폴딩_film_gray_horizontal_fabric_circle,assets/sku/diy-door-스윙폴딩-필름그레이-가로통간살-패브릭-원형.png
4,스윙폴딩,필름,그레이,가로통간살,패브릭,일자형,스윙폴딩_film_gray_horizontal_fabric_bar,assets/sku/diy-door-스윙폴딩-필름그레이-가로통간살-패브릭-일자형.png
4,스윙폴딩,필름,그레이,세로통간살,투명,원형,스윙폴딩_film_gray_vertical_clear_circle,assets/sku/diy-door-스윙폴딩-필름그레이-세로통간살-투명-원형.png
4,스윙폴딩,필름,그레이,세로통간살,투명,일자형,스윙폴딩_film_gray_vertical_clear_bar,assets/sku/diy-door-스윙폴딩-필름그레이-세로통간살-투명-일자형.png
4,스윙폴딩,필름,그레이,세로통간살,브론즈,기본형,스윙폴딩_film_gray_vertical_bronze_none,assets/sku/diy-door-스윙폴딩-필름그레이-세로통간살-브론즈-기본형.png
4,스윙폴딩,필름,그레이,세로통간살,브론즈,원형,스윙폴딩_film_gray_vertical_bronze_circle,assets/sku/diy-door-스윙폴딩-필름그레이-세로통간살-브론즈-원형.png
4,스윙폴딩,필름,그레이,세로통간살,브론즈,일자형,스윙폴딩_film_gray_vertical_bronze_bar,assets/sku/diy-door-스윙폴딩-필름그레이-세로통간살-브론즈-일자형.png
4,스윙폴딩,필름,그레이,세로통간살,모루,기본형,스윙폴딩_film_gray_vertical_moru_none,assets/sku/diy-door-스윙폴딩-필름그레이-세로통간살-모루-기본형.png
4,스윙폴딩,필름,그레이,세로통간살,모루,원형,스윙폴딩_film_gray_vertical_moru_circle,assets/sku/diy-door-스윙폴딩-필름그레이-세로통간살-모루-원형.png
4,스윙폴딩,필름,그레이,세로통간살,모루,일자형,스윙폴딩_film_gray_vertical_moru_bar,assets/sku/diy-door-스윙폴딩-필름그레이-세로통간살-모루-일자형.png
4,스윙폴딩,필름,그레이,세로통간살,미스트,기본형,스윙폴딩_film_gray_vertical_mist_none,assets/sku/diy-door-스윙폴딩-필름그레이-세로통간살-미스트-기본형.png
4,스윙폴딩,필름,그레이,세로통간살,미스트,원형,스윙폴딩_film_gray_vertical_mist_circle,assets/sku/diy-door-스윙폴딩-필름그레이-세로통간살-미스트-원형.png
4,스윙폴딩,필름,그레이,세로통간살,미스트,일자형,스윙폴딩_film_gray_vertical_mist_bar,assets/sku/diy-door-스윙폴딩-필름그레이-세로통간살-미스트-일자형.png
4,스윙폴딩,필름,그레이,세로통간살,패브릭,기본형,스윙폴딩_film_gray_vertical_fabric_none,assets/sku/diy-door-스윙폴딩-필름그레이-세로통간살-패브릭-기본형.png
4,스윙폴딩,필름,그레이,세로통간살,패브릭,원형,스윙폴딩_film_gray_vertical_fabric_circle,assets/sku/diy-door-스윙폴딩-필름그레이-세로통간살-패브릭-원형.png
4,스윙폴딩,필름,그레이,세로통간살,패브릭,일자형,스윙폴딩_film_gray_vertical_fabric_bar,assets/sku/diy-door-스윙폴딩-필름그레이-세로통간살-패브릭-일자형.png
4,스윙폴딩,필름,그레이,아치형,투명,원형,스윙폴딩_film_gray_arch_clear_circle,assets/sku/diy-door-스윙폴딩-필름그레이-아치형-투명-원형.png
4,스윙폴딩,필름,그레이,아치형,투명,일자형,스윙폴딩_film_gray_arch_clear_bar,assets/sku/diy-door-스윙폴딩-필름그레이-아치형-투명-일자형.png
4,스윙폴딩,필름,그레이,아치형,브론즈,기본형,스윙폴딩_film_gray_arch_bronze_none,assets/sku/diy-door-스윙폴딩-필름그레이-아치형-브론즈-기본형.png
4,스윙폴딩,필름,그레이,아치형,브론즈,원형,스윙폴딩_film_gray_arch_bronze_circle,assets/sku/diy-door-스윙폴딩-필름그레이-아치형-브론즈-원형.png
4,스윙폴딩,필름,그레이,아치형,브론즈,일자형,스윙폴딩_film_gray_arch_bronze_bar,assets/sku/diy-door-스윙폴딩-필름그레이-아치형-브론즈-일자형.png
4,스윙폴딩,필름,그레이,아치형,모루,기본형,스윙폴딩_film_gray_arch_moru_none,assets/sku/diy-door-스윙폴딩-필름그레이-아치형-모루-기본형.png
4,스윙폴딩,필름,그레이,아치형,모루,원형,스윙폴딩_film_gray_arch_moru_circle,assets/sku/diy-door-스윙폴딩-필름그레이-아치형-모루-원형.png
4,스윙폴딩,필름,그레이,아치형,모루,일자형,스윙폴딩_film_gray_arch_moru_bar,assets/sku/diy-door-스윙폴딩-필름그레이-아치형-모루-일자형.png
4,스윙폴딩,필름,그레이,아치형,미스트,기본형,스윙폴딩_film_gray_arch_mist_none,assets/sku/diy-door-스윙폴딩-필름그레이-아치형-미스트-기본형.png
4,스윙폴딩,필름,그레이,아치형,미스트,원형,스윙폴딩_film_gray_arch_mist_circle,assets/sku/diy-door-스윙폴딩-필름그레이-아치형-미스트-원형.png
4,스윙폴딩,필름,그레이,아치형,미스트,일자형,스윙폴딩_film_gray_arch_mist_bar,assets/sku/diy-door-스윙폴딩-필름그레이-아치형-미스트-일자형.png
4,스윙폴딩,필름,그레이,아치형,패브릭,기본형,스윙폴딩_film_gray_arch_fabric_none,assets/sku/diy-door-스윙폴딩-필름그레이-아치형-패브릭-기본형.png
4,스윙폴딩,필름,그레이,아치형,패브릭,원형,스윙폴딩_film_gray_arch_fabric_circle,assets/sku/diy-door-스윙폴딩-필름그레이-아치형-패브릭-원형.png
4,스윙폴딩,필름,그레이,아치형,패브릭,일자형,스윙폴딩_film_gray_arch_fabric_bar,assets/sku/diy-door-스윙폴딩-필름그레이-아치형-패브릭-일자형.png
4,스윙폴딩,필름,블랙,민자,브론즈,원형,스윙폴딩_film_black_none_bronze_circle,assets/sku/diy-door-스윙폴딩-필름블랙-민자-브론즈-원형.png
4,스윙폴딩,필름,블랙,민자,브론즈,일자형,스윙폴딩_film_black_none_bronze_bar,assets/sku/diy-door-스윙폴딩-필름블랙-민자-브론즈-일자형.png
4,스윙폴딩,필름,블랙,민자,모루,원형,스윙폴딩_film_black_none_moru_circle,assets/sku/diy-door-스윙폴딩-필름블랙-민자-모루-원형.png
4,스윙폴딩,필름,블랙,민자,모루,일자형,스윙폴딩_film_black_none_moru_bar,assets/sku/diy-door-스윙폴딩-필름블랙-민자-모루-일자형.png
4,스윙폴딩,필름,블랙,민자,미스트,원형,스윙폴딩_film_black_none_mist_circle,assets/sku/diy-door-스윙폴딩-필름블랙-민자-미스트-원형.png
4,스윙폴딩,필름,블랙,민자,미스트,일자형,스윙폴딩_film_black_none_mist_bar,assets/sku/diy-door-스윙폴딩-필름블랙-민자-미스트-일자형.png
4,스윙폴딩,필름,블랙,민자,패브릭,원형,스윙폴딩_film_black_none_fabric_circle,assets/sku/diy-door-스윙폴딩-필름블랙-민자-패브릭-원형.png
4,스윙폴딩,필름,블랙,민자,패브릭,일자형,스윙폴딩_film_black_none_fabric_bar,assets/sku/diy-door-스윙폴딩-필름블랙-민자-패브릭-일자형.png
4,스윙폴딩,필름,블랙,가로통간살,투명,원형,스윙폴딩_film_black_horizontal_clear_circle,assets/sku/diy-door-스윙폴딩-필름블랙-가로통간살-투명-원형.png
4,스윙폴딩,필름,블랙,가로통간살,투명,일자형,스윙폴딩_film_black_horizontal_clear_bar,assets/sku/diy-door-스윙폴딩-필름블랙-가로통간살-투명-일자형.png
4,스윙폴딩,필름,블랙,가로통간살,브론즈,기본형,스윙폴딩_film_black_horizontal_bronze_none,assets/sku/diy-door-스윙폴딩-필름블랙-가로통간살-브론즈-기본형.png
4,스윙폴딩,필름,블랙,가로통간살,브론즈,원형,스윙폴딩_film_black_horizontal_bronze_circle,assets/sku/diy-door-스윙폴딩-필름블랙-가로통간살-브론즈-원형.png
4,스윙폴딩,필름,블랙,가로통간살,브론즈,일자형,스윙폴딩_film_black_horizontal_bronze_bar,assets/sku/diy-door-스윙폴딩-필름블랙-가로통간살-브론즈-일자형.png
4,스윙폴딩,필름,블랙,가로통간살,모루,기본형,스윙폴딩_film_black_horizontal_moru_none,assets/sku/diy-door-스윙폴딩-필름블랙-가로통간살-모루-기본형.png
4,스윙폴딩,필름,블랙,가로통간살,모루,원형,스윙폴딩_film_black_horizontal_moru_circle,assets/sku/diy-door-스윙폴딩-필름블랙-가로통간살-모루-원형.png
4,스윙폴딩,필름,블랙,가로통간살,모루,일자형,스윙폴딩_film_black_horizontal_moru_bar,assets/sku/diy-door-스윙폴딩-필름블랙-가로통간살-모루-일자형.png
4,스윙폴딩,필름,블랙,가로통간살,미스트,기본형,스윙폴딩_film_black_horizontal_mist_none,assets/sku/diy-door-스윙폴딩-필름블랙-가로통간살-미스트-기본형.png
4,스윙폴딩,필름,블랙,가로통간살,미스트,원형,스윙폴딩_film_black_horizontal_mist_circle,assets/sku/diy-door-스윙폴딩-필름블랙-가로통간살-미스트-원형.png
4,스윙폴딩,필름,블랙,가로통간살,미스트,일자형,스윙폴딩_film_black_horizontal_mist_bar,assets/sku/diy-door-스윙폴딩-필름블랙-가로통간살-미스트-일자형.png
4,스윙폴딩,필름,블랙,가로통간살,패브릭,기본형,스윙폴딩_film_black_horizontal_fabric_none,assets/sku/diy-door-스윙폴딩-필름블랙-가로통간살-패브릭-기본형.png
4,스윙폴딩,필름,블랙,가로통간살,패브릭,원형,스윙폴딩_film_black_horizontal_fabric_circle,assets/sku/diy-door-스윙폴딩-필름블랙-가로통간살-패브릭-원형.png
4,스윙폴딩,필름,블랙,가로통간살,패브릭,일자형,스윙폴딩_film_black_horizontal_fabric_bar,assets/sku/diy-door-스윙폴딩-필름블랙-가로통간살-패브릭-일자형.png
4,스윙폴딩,필름,블랙,세로통간살,투명,원형,스윙폴딩_film_black_vertical_clear_circle,assets/sku/diy-door-스윙폴딩-필름블랙-세로통간살-투명-원형.png
4,스윙폴딩,필름,블랙,세로통간살,투명,일자형,스윙폴딩_film_black_vertical_clear_bar,assets/sku/diy-door-스윙폴딩-필름블랙-세로통간살-투명-일자형.png
4,스윙폴딩,필름,블랙,세로통간살,브론즈,기본형,스윙폴딩_film_black_vertical_bronze_none,assets/sku/diy-door-스윙폴딩-필름블랙-세로통간살-브론즈-기본형.png
4,스윙폴딩,필름,블랙,세로통간살,브론즈,원형,스윙폴딩_film_black_vertical_bronze_circle,assets/sku/diy-door-스윙폴딩-필름블랙-세로통간살-브론즈-원형.png
4,스윙폴딩,필름,블랙,세로통간살,브론즈,일자형,스윙폴딩_film_black_vertical_bronze_bar,assets/sku/diy-door-스윙폴딩-필름블랙-세로통간살-브론즈-일자형.png
4,스윙폴딩,필름,블랙,세로통간살,모루,기본형,스윙폴딩_film_black_vertical_moru_none,assets/sku/diy-door-스윙폴딩-필름블랙-세로통간살-모루-기본형.png
4,스윙폴딩,필름,블랙,세로통간살,모루,원형,스윙폴딩_film_black_vertical_moru_circle,assets/sku/diy-door-스윙폴딩-필름블랙-세로통간살-모루-원형.png
4,스윙폴딩,필름,블랙,세로통간살,모루,일자형,스윙폴딩_film_black_vertical_moru_bar,assets/sku/diy-door-스윙폴딩-필름블랙-세로통간살-모루-일자형.png
4,스윙폴딩,필름,블랙,세로통간살,미스트,기본형,스윙폴딩_film_black_vertical_mist_none,assets/sku/diy-door-스윙폴딩-필름블랙-세로통간살-미스트-기본형.png
4,스윙폴딩,필름,블랙,세로통간살,미스트,원형,스윙폴딩_film_black_vertical_mist_circle,assets/sku/diy-door-스윙폴딩-필름블랙-세로통간살-미스트-원형.png
4,스윙폴딩,필름,블랙,세로통간살,미스트,일자형,스윙폴딩_film_black_vertical_mist_bar,assets/sku/diy-door-스윙폴딩-필름블랙-세로통간살-미스트-일자형.png
4,스윙폴딩,필름,블랙,세로통간살,패브릭,기본형,스윙폴딩_film_black_vertical_fabric_none,assets/sku/diy-door-스윙폴딩-필름블랙-세로통간살-패브릭-기본형.png
4,스윙폴딩,필름,블랙,세로통간살,패브릭,원형,스윙폴딩_film_black_vertical_fabric_circle,assets/sku/diy-door-스윙폴딩-필름블랙-세로통간살-패브릭-원형.png
4,스윙폴딩,필름,블랙,세로통간살,패브릭,일자형,스윙폴딩_film_black_vertical_fabric_bar,assets/sku/diy-door-스윙폴딩-필름블랙-세로통간살-패브릭-일자형.png
4,스윙폴딩,필름,블랙,아치형,투명,원형,스윙폴딩_film_black_arch_clear_circle,assets/sku/diy-door-스윙폴딩-필름블랙-아치형-투명-원형.png
4,스윙폴딩,필름,블랙,아치형,투명,일자형,스윙폴딩_film_black_arch_clear_bar,assets/sku/diy-door-스윙폴딩-필름블랙-아치형-투명-일자형.png
4,스윙폴딩,필름,블랙,아치형,브론즈,기본형,스윙폴딩_film_black_arch_bronze_none,assets/sku/diy-door-스윙폴딩-필름블랙-아치형-브론즈-기본형.png
4,스윙폴딩,필름,블랙,아치형,브론즈,원형,스윙폴딩_film_black_arch_bronze_circle,assets/sku/diy-door-스윙폴딩-필름블랙-아치형-브론즈-원형.png
4,스윙폴딩,필름,블랙,아치형,브론즈,일자형,스윙폴딩_film_black_arch_bronze_bar,assets/sku/diy-door-스윙폴딩-필름블랙-아치형-브론즈-일자형.png
4,스윙폴딩,필름,블랙,아치형,모루,기본형,스윙폴딩_film_black_arch_moru_none,assets/sku/diy-door-스윙폴딩-필름블랙-아치형-모루-기본형.png
4,스윙폴딩,필름,블랙,아치형,모루,원형,스윙폴딩_film_black_arch_moru_circle,assets/sku/diy-door-스윙폴딩-필름블랙-아치형-모루-원형.png
4,스윙폴딩,필름,블랙,아치형,모루,일자형,스윙폴딩_film_black_arch_moru_bar,assets/sku/diy-door-스윙폴딩-필름블랙-아치형-모루-일자형.png
4,스윙폴딩,필름,블랙,아치형,미스트,기본형,스윙폴딩_film_black_arch_mist_none,assets/sku/diy-door-스윙폴딩-필름블랙-아치형-미스트-기본형.png
4,스윙폴딩,필름,블랙,아치형,미스트,원형,스윙폴딩_film_black_arch_mist_circle,assets/sku/diy-door-스윙폴딩-필름블랙-아치형-미스트-원형.png
4,스윙폴딩,필름,블랙,아치형,미스트,일자형,스윙폴딩_film_black_arch_mist_bar,assets/sku/diy-door-스윙폴딩-필름블랙-아치형-미스트-일자형.png
4,스윙폴딩,필름,블랙,아치형,패브릭,기본형,스윙폴딩_film_black_arch_fabric_none,assets/sku/diy-door-스윙폴딩-필름블랙-아치형-패브릭-기본형.png
4,스윙폴딩,필름,블랙,아치형,패브릭,원형,스윙폴딩_film_black_arch_fabric_circle,assets/sku/diy-door-스윙폴딩-필름블랙-아치형-패브릭-원형.png
4,스윙폴딩,필름,블랙,아치형,패브릭,일자형,스윙폴딩_film_black_arch_fabric_bar,assets/sku/diy-door-스윙폴딩-필름블랙-아치형-패브릭-일자형.png
4,여닫이,도장,화이트,가로통간살,브론즈,원형,여닫이_paint_white_horizontal_bronze_circle,assets/sku/diy-door-여닫이-도장화이트-가로통간살-브론즈-원형.png
4,여닫이,도장,화이트,가로통간살,브론즈,일자형,여닫이_paint_white_horizontal_bronze_bar,assets/sku/diy-door-여닫이-도장화이트-가로통간살-브론즈-일자형.png
4,여닫이,도장,화이트,가로통간살,모루,원형,여닫이_paint_white_horizontal_moru_circle,assets/sku/diy-door-여닫이-도장화이트-가로통간살-모루-원형.png
4,여닫이,도장,화이트,가로통간살,모루,일자형,여닫이_paint_white_horizontal_moru_bar,assets/sku/diy-door-여닫이-도장화이트-가로통간살-모루-일자형.png
4,여닫이,도장,화이트,가로통간살,미스트,원형,여닫이_paint_white_horizontal_mist_circle,assets/sku/diy-door-여닫이-도장화이트-가로통간살-미스트-원형.png
4,여닫이,도장,화이트,가로통간살,미스트,일자형,여닫이_paint_white_horizontal_mist_bar,assets/sku/diy-door-여닫이-도장화이트-가로통간살-미스트-일자형.png
4,여닫이,도장,화이트,가로통간살,패브릭,원형,여닫이_paint_white_horizontal_fabric_circle,assets/sku/diy-door-여닫이-도장화이트-가로통간살-패브릭-원형.png
4,여닫이,도장,화이트,가로통간살,패브릭,일자형,여닫이_paint_white_horizontal_fabric_bar,assets/sku/diy-door-여닫이-도장화이트-가로통간살-패브릭-일자형.png
4,여닫이,도장,화이트,세로통간살,브론즈,원형,여닫이_paint_white_vertical_bronze_circle,assets/sku/diy-door-여닫이-도장화이트-세로통간살-브론즈-원형.png
4,여닫이,도장,화이트,세로통간살,브론즈,일자형,여닫이_paint_white_vertical_bronze_bar,assets/sku/diy-door-여닫이-도장화이트-세로통간살-브론즈-일자형.png
4,여닫이,도장,화이트,세로통간살,모루,원형,여닫이_paint_white_vertical_moru_circle,assets/sku/diy-door-여닫이-도장화이트-세로통간살-모루-원형.png
4,여닫이,도장,화이트,세로통간살,모루,일자형,여닫이_paint_white_vertical_moru_bar,assets/sku/diy-door-여닫이-도장화이트-세로통간살-모루-일자형.png
4,여닫이,도장,화이트,세로통간살,미스트,원형,여닫이_paint_white_vertical_mist_circle,assets/sku/diy-door-여닫이-도장화이트-세로통간살-미스트-원형.png
4,여닫이,도장,화이트,세로통간살,미스트,일자형,여닫이_paint_white_vertical_mist_bar,assets/sku/diy-door-여닫이-도장화이트-세로통간살-미스트-일자형.png
4,여닫이,도장,화이트,세로통간살,패브릭,원형,여닫이_paint_white_vertical_fabric_circle,assets/sku/diy-door-여닫이-도장화이트-세로통간살-패브릭-원형.png
4,여닫이,도장,화이트,세로통간살,패브릭,일자형,여닫이_paint_white_vertical_fabric_bar,assets/sku/diy-door-여닫이-도장화이트-세로통간살-패브릭-일자형.png
4,여닫이,도장,화이트,아치형,브론즈,원형,여닫이_paint_white_arch_bronze_circle,assets/sku/diy-door-여닫이-도장화이트-아치형-브론즈-원형.png
4,여닫이,도장,화이트,아치형,브론즈,일자형,여닫이_paint_white_arch_bronze_bar,assets/sku/diy-door-여닫이-도장화이트-아치형-브론즈-일자형.png
4,여닫이,도장,화이트,아치형,모루,원형,여닫이_paint_white_arch_moru_circle,assets/sku/diy-door-여닫이-도장화이트-아치형-모루-원형.png
4,여닫이,도장,화이트,아치형,모루,일자형,여닫이_paint_white_arch_moru_bar,assets/sku/diy-door-여닫이-도장화이트-아치형-모루-일자형.png
4,여닫이,도장,화이트,아치형,미스트,원형,여닫이_paint_white_arch_mist_circle,assets/sku/diy-door-여닫이-도장화이트-아치형-미스트-원형.png
4,여닫이,도장,화이트,아치형,미스트,일자형,여닫이_paint_white_arch_mist_bar,assets/sku/diy-door-여닫이-도장화이트-아치형-미스트-일자형.png
4,여닫이,도장,화이트,아치형,패브릭,원형,여닫이_paint_white_arch_fabric_circle,assets/sku/diy-door-여닫이-도장화이트-아치형-패브릭-원형.png
4,여닫이,도장,화이트,아치형,패브릭,일자형,여닫이_paint_white_arch_fabric_bar,assets/sku/diy-door-여닫이-도장화이트-아치형-패브릭-일자형.png
4,여닫이,도장,그레이,민자,브론즈,원형,여닫이_paint_gray_none_bronze_circle,assets/sku/diy-door-여닫이-도장그레이-민자-브론즈-원형.png
4,여닫이,도장,그레이,민자,브론즈,일자형,여닫이_paint_gray_none_bronze_bar,assets/sku/diy-door-여닫이-도장그레이-민자-브론즈-일자형.png
4,여닫이,도장,그레이,민자,모루,원형,여닫이_paint_gray_none_moru_circle,assets/sku/diy-door-여닫이-도장그레이-민자-모루-원형.png
4,여닫이,도장,그레이,민자,모루,일자형,여닫이_paint_gray_none_moru_bar,assets/sku/diy-door-여닫이-도장그레이-민자-모루-일자형.png
4,여닫이,도장,그레이,민자,미스트,원형,여닫이_paint_gray_none_mist_circle,assets/sku/diy-door-여닫이-도장그레이-민자-미스트-원형.png
4,여닫이,도장,그레이,민자,미스트,일자형,여닫이_paint_gray_none_mist_bar,assets/sku/diy-door-여닫이-도장그레이-민자-미스트-일자형.png
4,여닫이,도장,그레이,민자,패브릭,원형,여닫이_paint_gray_none_fabric_circle,assets/sku/diy-door-여닫이-도장그레이-민자-패브릭-원형.png
4,여닫이,도장,그레이,민자,패브릭,일자형,여닫이_paint_gray_none_fabric_bar,assets/sku/diy-door-여닫이-도장그레이-민자-패브릭-일자형.png
4,여닫이,도장,그레이,가로통간살,투명,원형,여닫이_paint_gray_horizontal_clear_circle,assets/sku/diy-door-여닫이-도장그레이-가로통간살-투명-원형.png
4,여닫이,도장,그레이,가로통간살,투명,일자형,여닫이_paint_gray_horizontal_clear_bar,assets/sku/diy-door-여닫이-도장그레이-가로통간살-투명-일자형.png
4,여닫이,도장,그레이,가로통간살,브론즈,기본형,여닫이_paint_gray_horizontal_bronze_none,assets/sku/diy-door-여닫이-도장그레이-가로통간살-브론즈-기본형.png
4,여닫이,도장,그레이,가로통간살,브론즈,원형,여닫이_paint_gray_horizontal_bronze_circle,assets/sku/diy-door-여닫이-도장그레이-가로통간살-브론즈-원형.png
4,여닫이,도장,그레이,가로통간살,브론즈,일자형,여닫이_paint_gray_horizontal_bronze_bar,assets/sku/diy-door-여닫이-도장그레이-가로통간살-브론즈-일자형.png
4,여닫이,도장,그레이,가로통간살,모루,기본형,여닫이_paint_gray_horizontal_moru_none,assets/sku/diy-door-여닫이-도장그레이-가로통간살-모루-기본형.png
4,여닫이,도장,그레이,가로통간살,모루,원형,여닫이_paint_gray_horizontal_moru_circle,assets/sku/diy-door-여닫이-도장그레이-가로통간살-모루-원형.png
4,여닫이,도장,그레이,가로통간살,모루,일자형,여닫이_paint_gray_horizontal_moru_bar,assets/sku/diy-door-여닫이-도장그레이-가로통간살-모루-일자형.png
4,여닫이,도장,그레이,가로통간살,미스트,기본형,여닫이_paint_gray_horizontal_mist_none,assets/sku/diy-door-여닫이-도장그레이-가로통간살-미스트-기본형.png
4,여닫이,도장,그레이,가로통간살,미스트,원형,여닫이_paint_gray_horizontal_mist_circle,assets/sku/diy-door-여닫이-도장그레이-가로통간살-미스트-원형.png
4,여닫이,도장,그레이,가로통간살,미스트,일자형,여닫이_paint_gray_horizontal_mist_bar,assets/sku/diy-door-여닫이-도장그레이-가로통간살-미스트-일자형.png
4,여닫이,도장,그레이,가로통간살,패브릭,기본형,여닫이_paint_gray_horizontal_fabric_none,assets/sku/diy-door-여닫이-도장그레이-가로통간살-패브릭-기본형.png
4,여닫이,도장,그레이,가로통간살,패브릭,원형,여닫이_paint_gray_horizontal_fabric_circle,assets/sku/diy-door-여닫이-도장그레이-가로통간살-패브릭-원형.png
4,여닫이,도장,그레이,가로통간살,패브릭,일자형,여닫이_paint_gray_horizontal_fabric_bar,assets/sku/diy-door-여닫이-도장그레이-가로통간살-패브릭-일자형.png
4,여닫이,도장,그레이,세로통간살,투명,원형,여닫이_paint_gray_vertical_clear_circle,assets/sku/diy-door-여닫이-도장그레이-세로통간살-투명-원형.png
4,여닫이,도장,그레이,세로통간살,투명,일자형,여닫이_paint_gray_vertical_clear_bar,assets/sku/diy-door-여닫이-도장그레이-세로통간살-투명-일자형.png
4,여닫이,도장,그레이,세로통간살,브론즈,기본형,여닫이_paint_gray_vertical_bronze_none,assets/sku/diy-door-여닫이-도장그레이-세로통간살-브론즈-기본형.png
4,여닫이,도장,그레이,세로통간살,브론즈,원형,여닫이_paint_gray_vertical_bronze_circle,assets/sku/diy-door-여닫이-도장그레이-세로통간살-브론즈-원형.png
4,여닫이,도장,그레이,세로통간살,브론즈,일자형,여닫이_paint_gray_vertical_bronze_bar,assets/sku/diy-door-여닫이-도장그레이-세로통간살-브론즈-일자형.png
4,여닫이,도장,그레이,세로통간살,모루,기본형,여닫이_paint_gray_vertical_moru_none,assets/sku/diy-door-여닫이-도장그레이-세로통간살-모루-기본형.png
4,여닫이,도장,그레이,세로통간살,모루,원형,여닫이_paint_gray_vertical_moru_circle,assets/sku/diy-door-여닫이-도장그레이-세로통간살-모루-원형.png
4,여닫이,도장,그레이,세로통간살,모루,일자형,여닫이_paint_gray_vertical_moru_bar,assets/sku/diy-door-여닫이-도장그레이-세로통간살-모루-일자형.png
4,여닫이,도장,그레이,세로통간살,미스트,기본형,여닫이_paint_gray_vertical_mist_none,assets/sku/diy-door-여닫이-도장그레이-세로통간살-미스트-기본형.png
4,여닫이,도장,그레이,세로통간살,미스트,원형,여닫이_paint_gray_vertical_mist_circle,assets/sku/diy-door-여닫이-도장그레이-세로통간살-미스트-원형.png
4,여닫이,도장,그레이,세로통간살,미스트,일자형,여닫이_paint_gray_vertical_mist_bar,assets/sku/diy-door-여닫이-도장그레이-세로통간살-미스트-일자형.png
4,여닫이,도장,그레이,세로통간살,패브릭,기본형,여닫이_paint_gray_vertical_fabric_none,assets/sku/diy-door-여닫이-도장그레이-세로통간살-패브릭-기본형.png
4,여닫이,도장,그레이,세로통간살,패브릭,원형,여닫이_paint_gray_vertical_fabric_circle,assets/sku/diy-door-여닫이-도장그레이-세로통간살-패브릭-원형.png
4,여닫이,도장,그레이,세로통간살,패브릭,일자형,여닫이_paint_gray_vertical_fabric_bar,assets/sku/diy-door-여닫이-도장그레이-세로통간살-패브릭-일자형.png
4,여닫이,도장,그레이,아치형,투명,원형,여닫이_paint_gray_arch_clear_circle,assets/sku/diy-door-여닫이-도장그레이-아치형-투명-원형.png
4,여닫이,도장,그레이,아치형,투명,일자형,여닫이_paint_gray_arch_clear_bar,assets/sku/diy-door-여닫이-도장그레이-아치형-투명-일자형.png
4,여닫이,도장,그레이,아치형,브론즈,기본형,여닫이_paint_gray_arch_bronze_none,assets/sku/diy-door-여닫이-도장그레이-아치형-브론즈-기본형.png
4,여닫이,도장,그레이,아치형,브론즈,원형,여닫이_paint_gray_arch_bronze_circle,assets/sku/diy-door-여닫이-도장그레이-아치형-브론즈-원형.png
4,여닫이,도장,그레이,아치형,브론즈,일자형,여닫이_paint_gray_arch_bronze_bar,assets/sku/diy-door-여닫이-도장그레이-아치형-브론즈-일자형.png
4,여닫이,도장,그레이,아치형,모루,기본형,여닫이_paint_gray_arch_moru_none,assets/sku/diy-door-여닫이-도장그레이-아치형-모루-기본형.png
4,여닫이,도장,그레이,아치형,모루,원형,여닫이_paint_gray_arch_moru_circle,assets/sku/diy-door-여닫이-도장그레이-아치형-모루-원형.png
4,여닫이,도장,그레이,아치형,모루,일자형,여닫이_paint_gray_arch_moru_bar,assets/sku/diy-door-여닫이-도장그레이-아치형-모루-일자형.png
4,여닫이,도장,그레이,아치형,미스트,기본형,여닫이_paint_gray_arch_mist_none,assets/sku/diy-door-여닫이-도장그레이-아치형-미스트-기본형.png
4,여닫이,도장,그레이,아치형,미스트,원형,여닫이_paint_gray_arch_mist_circle,assets/sku/diy-door-여닫이-도장그레이-아치형-미스트-원형.png
4,여닫이,도장,그레이,아치형,미스트,일자형,여닫이_paint_gray_arch_mist_bar,assets/sku/diy-door-여닫이-도장그레이-아치형-미스트-일자형.png
4,여닫이,도장,그레이,아치형,패브릭,기본형,여닫이_paint_gray_arch_fabric_none,assets/sku/diy-door-여닫이-도장그레이-아치형-패브릭-기본형.png
4,여닫이,도장,그레이,아치형,패브릭,원형,여닫이_paint_gray_arch_fabric_circle,assets/sku/diy-door-여닫이-도장그레이-아치형-패브릭-원형.png
4,여닫이,도장,그레이,아치형,패브릭,일자형,여닫이_paint_gray_arch_fabric_bar,assets/sku/diy-door-여닫이-도장그레이-아치형-패브릭-일자형.png
4,여닫이,도장,블랙,민자,브론즈,원형,여닫이_paint_black_none_bronze_circle,assets/sku/diy-door-여닫이-도장블랙-민자-브론즈-원형.png
4,여닫이,도장,블랙,민자,브론즈,일자형,여닫이_paint_black_none_bronze_bar,assets/sku/diy-door-여닫이-도장블랙-민자-브론즈-일자형.png
4,여닫이,도장,블랙,민자,모루,원형,여닫이_paint_black_none_moru_circle,assets/sku/diy-door-여닫이-도장블랙-민자-모루-원형.png
4,여닫이,도장,블랙,민자,모루,일자형,여닫이_paint_black_none_moru_bar,assets/sku/diy-door-여닫이-도장블랙-민자-모루-일자형.png
4,여닫이,도장,블랙,민자,미스트,원형,여닫이_paint_black_none_mist_circle,assets/sku/diy-door-여닫이-도장블랙-민자-미스트-원형.png
4,여닫이,도장,블랙,민자,미스트,일자형,여닫이_paint_black_none_mist_bar,assets/sku/diy-door-여닫이-도장블랙-민자-미스트-일자형.png
4,여닫이,도장,블랙,민자,패브릭,원형,여닫이_paint_black_none_fabric_circle,assets/sku/diy-door-여닫이-도장블랙-민자-패브릭-원형.png
4,여닫이,도장,블랙,민자,패브릭,일자형,여닫이_paint_black_none_fabric_bar,assets/sku/diy-door-여닫이-도장블랙-민자-패브릭-일자형.png
4,여닫이,도장,블랙,가로통간살,투명,원형,여닫이_paint_black_horizontal_clear_circle,assets/sku/diy-door-여닫이-도장블랙-가로통간살-투명-원형.png
4,여닫이,도장,블랙,가로통간살,투명,일자형,여닫이_paint_black_horizontal_clear_bar,assets/sku/diy-door-여닫이-도장블랙-가로통간살-투명-일자형.png
4,여닫이,도장,블랙,가로통간살,브론즈,기본형,여닫이_paint_black_horizontal_bronze_none,assets/sku/diy-door-여닫이-도장블랙-가로통간살-브론즈-기본형.png
4,여닫이,도장,블랙,가로통간살,브론즈,원형,여닫이_paint_black_horizontal_bronze_circle,assets/sku/diy-door-여닫이-도장블랙-가로통간살-브론즈-원형.png
4,여닫이,도장,블랙,가로통간살,브론즈,일자형,여닫이_paint_black_horizontal_bronze_bar,assets/sku/diy-door-여닫이-도장블랙-가로통간살-브론즈-일자형.png
4,여닫이,도장,블랙,가로통간살,모루,기본형,여닫이_paint_black_horizontal_moru_none,assets/sku/diy-door-여닫이-도장블랙-가로통간살-모루-기본형.png
4,여닫이,도장,블랙,가로통간살,모루,원형,여닫이_paint_black_horizontal_moru_circle,assets/sku/diy-door-여닫이-도장블랙-가로통간살-모루-원형.png
4,여닫이,도장,블랙,가로통간살,모루,일자형,여닫이_paint_black_horizontal_moru_bar,assets/sku/diy-door-여닫이-도장블랙-가로통간살-모루-일자형.png
4,여닫이,도장,블랙,가로통간살,미스트,기본형,여닫이_paint_black_horizontal_mist_none,assets/sku/diy-door-여닫이-도장블랙-가로통간살-미스트-기본형.png
4,여닫이,도장,블랙,가로통간살,미스트,원형,여닫이_paint_black_horizontal_mist_circle,assets/sku/diy-door-여닫이-도장블랙-가로통간살-미스트-원형.png
4,여닫이,도장,블랙,가로통간살,미스트,일자형,여닫이_paint_black_horizontal_mist_bar,assets/sku/diy-door-여닫이-도장블랙-가로통간살-미스트-일자형.png
4,여닫이,도장,블랙,가로통간살,패브릭,기본형,여닫이_paint_black_horizontal_fabric_none,assets/sku/diy-door-여닫이-도장블랙-가로통간살-패브릭-기본형.png
4,여닫이,도장,블랙,가로통간살,패브릭,원형,여닫이_paint_black_horizontal_fabric_circle,assets/sku/diy-door-여닫이-도장블랙-가로통간살-패브릭-원형.png
4,여닫이,도장,블랙,가로통간살,패브릭,일자형,여닫이_paint_black_horizontal_fabric_bar,assets/sku/diy-door-여닫이-도장블랙-가로통간살-패브릭-일자형.png
4,여닫이,도장,블랙,세로통간살,투명,원형,여닫이_paint_black_vertical_clear_circle,assets/sku/diy-door-여닫이-도장블랙-세로통간살-투명-원형.png
4,여닫이,도장,블랙,세로통간살,투명,일자형,여닫이_paint_black_vertical_clear_bar,assets/sku/diy-door-여닫이-도장블랙-세로통간살-투명-일자형.png
4,여닫이,도장,블랙,세로통간살,브론즈,기본형,여닫이_paint_black_vertical_bronze_none,assets/sku/diy-door-여닫이-도장블랙-세로통간살-브론즈-기본형.png
4,여닫이,도장,블랙,세로통간살,브론즈,원형,여닫이_paint_black_vertical_bronze_circle,assets/sku/diy-door-여닫이-도장블랙-세로통간살-브론즈-원형.png
4,여닫이,도장,블랙,세로통간살,브론즈,일자형,여닫이_paint_black_vertical_bronze_bar,assets/sku/diy-door-여닫이-도장블랙-세로통간살-브론즈-일자형.png
4,여닫이,도장,블랙,세로통간살,모루,기본형,여닫이_paint_black_vertical_moru_none,assets/sku/diy-door-여닫이-도장블랙-세로통간살-모루-기본형.png
4,여닫이,도장,블랙,세로통간살,모루,원형,여닫이_paint_black_vertical_moru_circle,assets/sku/diy-door-여닫이-도장블랙-세로통간살-모루-원형.png
4,여닫이,도장,블랙,세로통간살,모루,일자형,여닫이_paint_black_vertical_moru_bar,assets/sku/diy-door-여닫이-도장블랙-세로통간살-모루-일자형.png
4,여닫이,도장,블랙,세로통간살,미스트,기본형,여닫이_paint_black_vertical_mist_none,assets/sku/diy-door-여닫이-도장블랙-세로통간살-미스트-기본형.png
4,여닫이,도장,블랙,세로통간살,미스트,원형,여닫이_paint_black_vertical_mist_circle,assets/sku/diy-door-여닫이-도장블랙-세로통간살-미스트-원형.png
4,여닫이,도장,블랙,세로통간살,미스트,일자형,여닫이_paint_black_vertical_mist_bar,assets/sku/diy-door-여닫이-도장블랙-세로통간살-미스트-일자형.png
4,여닫이,도장,블랙,세로통간살,패브릭,기본형,여닫이_paint_black_vertical_fabric_none,assets/sku/diy-door-여닫이-도장블랙-세로통간살-패브릭-기본형.png
4,여닫이,도장,블랙,세로통간살,패브릭,원형,여닫이_paint_black_vertical_fabric_circle,assets/sku/diy-door-여닫이-도장블랙-세로통간살-패브릭-원형.png
4,여닫이,도장,블랙,세로통간살,패브릭,일자형,여닫이_paint_black_vertical_fabric_bar,assets/sku/diy-door-여닫이-도장블랙-세로통간살-패브릭-일자형.png
4,여닫이,도장,블랙,아치형,투명,원형,여닫이_paint_black_arch_clear_circle,assets/sku/diy-door-여닫이-도장블랙-아치형-투명-원형.png
4,여닫이,도장,블랙,아치형,투명,일자형,여닫이_paint_black_arch_clear_bar,assets/sku/diy-door-여닫이-도장블랙-아치형-투명-일자형.png
4,여닫이,도장,블랙,아치형,브론즈,기본형,여닫이_paint_black_arch_bronze_none,assets/sku/diy-door-여닫이-도장블랙-아치형-브론즈-기본형.png
4,여닫이,도장,블랙,아치형,브론즈,원형,여닫이_paint_black_arch_bronze_circle,assets/sku/diy-door-여닫이-도장블랙-아치형-브론즈-원형.png
4,여닫이,도장,블랙,아치형,브론즈,일자형,여닫이_paint_black_arch_bronze_bar,assets/sku/diy-door-여닫이-도장블랙-아치형-브론즈-일자형.png
4,여닫이,도장,블랙,아치형,모루,기본형,여닫이_paint_black_arch_moru_none,assets/sku/diy-door-여닫이-도장블랙-아치형-모루-기본형.png
4,여닫이,도장,블랙,아치형,모루,원형,여닫이_paint_black_arch_moru_circle,assets/sku/diy-door-여닫이-도장블랙-아치형-모루-원형.png
4,여닫이,도장,블랙,아치형,모루,일자형,여닫이_paint_black_arch_moru_bar,assets/sku/diy-door-여닫이-도장블랙-아치형-모루-일자형.png
4,여닫이,도장,블랙,아치형,미스트,기본형,여닫이_paint_black_arch_mist_none,assets/sku/diy-door-여닫이-도장블랙-아치형-미스트-기본형.png
4,여닫이,도장,블랙,아치형,미스트,원형,여닫이_paint_black_arch_mist_circle,assets/sku/diy-door-여닫이-도장블랙-아치형-미스트-원형.png
4,여닫이,도장,블랙,아치형,미스트,일자형,여닫이_paint_black_arch_mist_bar,assets/sku/diy-door-여닫이-도장블랙-아치형-미스트-일자형.png
4,여닫이,도장,블랙,아치형,패브릭,기본형,여닫이_paint_black_arch_fabric_none,assets/sku/diy-door-여닫이-도장블랙-아치형-패브릭-기본형.png
4,여닫이,도장,블랙,아치형,패브릭,원형,여닫이_paint_black_arch_fabric_circle,assets/sku/diy-door-여닫이-도장블랙-아치형-패브릭-원형.png
4,여닫이,도장,블랙,아치형,패브릭,일자형,여닫이_paint_black_arch_fabric_bar,assets/sku/diy-door-여닫이-도장블랙-아치형-패브릭-일자형.png
4,여닫이,필름,화이트,민자,브론즈,원형,여닫이_film_white_none_bronze_circle,assets/sku/diy-door-여닫이-필름화이트-민자-브론즈-원형.png
4,여닫이,필름,화이트,민자,브론즈,일자형,여닫이_film_white_none_bronze_bar,assets/sku/diy-door-여닫이-필름화이트-민자-브론즈-일자형.png
4,여닫이,필름,화이트,민자,모루,원형,여닫이_film_white_none_moru_circle,assets/sku/diy-door-여닫이-필름화이트-민자-모루-원형.png
4,여닫이,필름,화이트,민자,모루,일자형,여닫이_film_white_none_moru_bar,assets/sku/diy-door-여닫이-필름화이트-민자-모루-일자형.png
4,여닫이,필름,화이트,민자,미스트,원형,여닫이_film_white_none_mist_circle,assets/sku/diy-door-여닫이-필름화이트-민자-미스트-원형.png
4,여닫이,필름,화이트,민자,미스트,일자형,여닫이_film_white_none_mist_bar,assets/sku/diy-door-여닫이-필름화이트-민자-미스트-일자형.png
4,여닫이,필름,화이트,민자,패브릭,원형,여닫이_film_white_none_fabric_circle,assets/sku/diy-door-여닫이-필름화이트-민자-패브릭-원형.png
4,여닫이,필름,화이트,민자,패브릭,일자형,여닫이_film_white_none_fabric_bar,assets/sku/diy-door-여닫이-필름화이트-민자-패브릭-일자형.png
4,여닫이,필름,화이트,가로통간살,투명,원형,여닫이_film_white_horizontal_clear_circle,assets/sku/diy-door-여닫이-필름화이트-가로통간살-투명-원형.png
4,여닫이,필름,화이트,가로통간살,투명,일자형,여닫이_film_white_horizontal_clear_bar,assets/sku/diy-door-여닫이-필름화이트-가로통간살-투명-일자형.png
4,여닫이,필름,화이트,가로통간살,브론즈,기본형,여닫이_film_white_horizontal_bronze_none,assets/sku/diy-door-여닫이-필름화이트-가로통간살-브론즈-기본형.png
4,여닫이,필름,화이트,가로통간살,브론즈,원형,여닫이_film_white_horizontal_bronze_circle,assets/sku/diy-door-여닫이-필름화이트-가로통간살-브론즈-원형.png
4,여닫이,필름,화이트,가로통간살,브론즈,일자형,여닫이_film_white_horizontal_bronze_bar,assets/sku/diy-door-여닫이-필름화이트-가로통간살-브론즈-일자형.png
4,여닫이,필름,화이트,가로통간살,모루,기본형,여닫이_film_white_horizontal_moru_none,assets/sku/diy-door-여닫이-필름화이트-가로통간살-모루-기본형.png
4,여닫이,필름,화이트,가로통간살,모루,원형,여닫이_film_white_horizontal_moru_circle,assets/sku/diy-door-여닫이-필름화이트-가로통간살-모루-원형.png
4,여닫이,필름,화이트,가로통간살,모루,일자형,여닫이_film_white_horizontal_moru_bar,assets/sku/diy-door-여닫이-필름화이트-가로통간살-모루-일자형.png
4,여닫이,필름,화이트,가로통간살,미스트,기본형,여닫이_film_white_horizontal_mist_none,assets/sku/diy-door-여닫이-필름화이트-가로통간살-미스트-기본형.png
4,여닫이,필름,화이트,가로통간살,미스트,원형,여닫이_film_white_horizontal_mist_circle,assets/sku/diy-door-여닫이-필름화이트-가로통간살-미스트-원형.png
4,여닫이,필름,화이트,가로통간살,미스트,일자형,여닫이_film_white_horizontal_mist_bar,assets/sku/diy-door-여닫이-필름화이트-가로통간살-미스트-일자형.png
4,여닫이,필름,화이트,가로통간살,패브릭,기본형,여닫이_film_white_horizontal_fabric_none,assets/sku/diy-door-여닫이-필름화이트-가로통간살-패브릭-기본형.png
4,여닫이,필름,화이트,가로통간살,패브릭,원형,여닫이_film_white_horizontal_fabric_circle,assets/sku/diy-door-여닫이-필름화이트-가로통간살-패브릭-원형.png
4,여닫이,필름,화이트,가로통간살,패브릭,일자형,여닫이_film_white_horizontal_fabric_bar,assets/sku/diy-door-여닫이-필름화이트-가로통간살-패브릭-일자형.png
4,여닫이,필름,화이트,세로통간살,투명,원형,여닫이_film_white_vertical_clear_circle,assets/sku/diy-door-여닫이-필름화이트-세로통간살-투명-원형.png
4,여닫이,필름,화이트,세로통간살,투명,일자형,여닫이_film_white_vertical_clear_bar,assets/sku/diy-door-여닫이-필름화이트-세로통간살-투명-일자형.png
4,여닫이,필름,화이트,세로통간살,브론즈,기본형,여닫이_film_white_vertical_bronze_none,assets/sku/diy-door-여닫이-필름화이트-세로통간살-브론즈-기본형.png
4,여닫이,필름,화이트,세로통간살,브론즈,원형,여닫이_film_white_vertical_bronze_circle,assets/sku/diy-door-여닫이-필름화이트-세로통간살-브론즈-원형.png
4,여닫이,필름,화이트,세로통간살,브론즈,일자형,여닫이_film_white_vertical_bronze_bar,assets/sku/diy-door-여닫이-필름화이트-세로통간살-브론즈-일자형.png
4,여닫이,필름,화이트,세로통간살,모루,기본형,여닫이_film_white_vertical_moru_none,assets/sku/diy-door-여닫이-필름화이트-세로통간살-모루-기본형.png
4,여닫이,필름,화이트,세로통간살,모루,원형,여닫이_film_white_vertical_moru_circle,assets/sku/diy-door-여닫이-필름화이트-세로통간살-모루-원형.png
4,여닫이,필름,화이트,세로통간살,모루,일자형,여닫이_film_white_vertical_moru_bar,assets/sku/diy-door-여닫이-필름화이트-세로통간살-모루-일자형.png
4,여닫이,필름,화이트,세로통간살,미스트,기본형,여닫이_film_white_vertical_mist_none,assets/sku/diy-door-여닫이-필름화이트-세로통간살-미스트-기본형.png
4,여닫이,필름,화이트,세로통간살,미스트,원형,여닫이_film_white_vertical_mist_circle,assets/sku/diy-door-여닫이-필름화이트-세로통간살-미스트-원형.png
4,여닫이,필름,화이트,세로통간살,미스트,일자형,여닫이_film_white_vertical_mist_bar,assets/sku/diy-door-여닫이-필름화이트-세로통간살-미스트-일자형.png
4,여닫이,필름,화이트,세로통간살,패브릭,기본형,여닫이_film_white_vertical_fabric_none,assets/sku/diy-door-여닫이-필름화이트-세로통간살-패브릭-기본형.png
4,여닫이,필름,화이트,세로통간살,패브릭,원형,여닫이_film_white_vertical_fabric_circle,assets/sku/diy-door-여닫이-필름화이트-세로통간살-패브릭-원형.png
4,여닫이,필름,화이트,세로통간살,패브릭,일자형,여닫이_film_white_vertical_fabric_bar,assets/sku/diy-door-여닫이-필름화이트-세로통간살-패브릭-일자형.png
4,여닫이,필름,화이트,아치형,투명,원형,여닫이_film_white_arch_clear_circle,assets/sku/diy-door-여닫이-필름화이트-아치형-투명-원형.png
4,여닫이,필름,화이트,아치형,투명,일자형,여닫이_film_white_arch_clear_bar,assets/sku/diy-door-여닫이-필름화이트-아치형-투명-일자형.png
4,여닫이,필름,화이트,아치형,브론즈,기본형,여닫이_film_white_arch_bronze_none,assets/sku/diy-door-여닫이-필름화이트-아치형-브론즈-기본형.png
4,여닫이,필름,화이트,아치형,브론즈,원형,여닫이_film_white_arch_bronze_circle,assets/sku/diy-door-여닫이-필름화이트-아치형-브론즈-원형.png
4,여닫이,필름,화이트,아치형,브론즈,일자형,여닫이_film_white_arch_bronze_bar,assets/sku/diy-door-여닫이-필름화이트-아치형-브론즈-일자형.png
4,여닫이,필름,화이트,아치형,모루,기본형,여닫이_film_white_arch_moru_none,assets/sku/diy-door-여닫이-필름화이트-아치형-모루-기본형.png
4,여닫이,필름,화이트,아치형,모루,원형,여닫이_film_white_arch_moru_circle,assets/sku/diy-door-여닫이-필름화이트-아치형-모루-원형.png
4,여닫이,필름,화이트,아치형,모루,일자형,여닫이_film_white_arch_moru_bar,assets/sku/diy-door-여닫이-필름화이트-아치형-모루-일자형.png
4,여닫이,필름,화이트,아치형,미스트,기본형,여닫이_film_white_arch_mist_none,assets/sku/diy-door-여닫이-필름화이트-아치형-미스트-기본형.png
4,여닫이,필름,화이트,아치형,미스트,원형,여닫이_film_white_arch_mist_circle,assets/sku/diy-door-여닫이-필름화이트-아치형-미스트-원형.png
4,여닫이,필름,화이트,아치형,미스트,일자형,여닫이_film_white_arch_mist_bar,assets/sku/diy-door-여닫이-필름화이트-아치형-미스트-일자형.png
4,여닫이,필름,화이트,아치형,패브릭,기본형,여닫이_film_white_arch_fabric_none,assets/sku/diy-door-여닫이-필름화이트-아치형-패브릭-기본형.png
4,여닫이,필름,화이트,아치형,패브릭,원형,여닫이_film_white_arch_fabric_circle,assets/sku/diy-door-여닫이-필름화이트-아치형-패브릭-원형.png
4,여닫이,필름,화이트,아치형,패브릭,일자형,여닫이_film_white_arch_fabric_bar,assets/sku/diy-door-여닫이-필름화이트-아치형-패브릭-일자형.png
4,여닫이,필름,그레이,민자,브론즈,원형,여닫이_film_gray_none_bronze_circle,assets/sku/diy-door-여닫이-필름그레이-민자-브론즈-원형.png
4,여닫이,필름,그레이,민자,브론즈,일자형,여닫이_film_gray_none_bronze_bar,assets/sku/diy-door-여닫이-필름그레이-민자-브론즈-일자형.png
4,여닫이,필름,그레이,민자,모루,원형,여닫이_film_gray_none_moru_circle,assets/sku/diy-door-여닫이-필름그레이-민자-모루-원형.png
4,여닫이,필름,그레이,민자,모루,일자형,여닫이_film_gray_none_moru_bar,assets/sku/diy-door-여닫이-필름그레이-민자-모루-일자형.png
4,여닫이,필름,그레이,민자,미스트,원형,여닫이_film_gray_none_mist_circle,assets/sku/diy-door-여닫이-필름그레이-민자-미스트-원형.png
4,여닫이,필름,그레이,민자,미스트,일자형,여닫이_film_gray_none_mist_bar,assets/sku/diy-door-여닫이-필름그레이-민자-미스트-일자형.png
4,여닫이,필름,그레이,민자,패브릭,원형,여닫이_film_gray_none_fabric_circle,assets/sku/diy-door-여닫이-필름그레이-민자-패브릭-원형.png
4,여닫이,필름,그레이,민자,패브릭,일자형,여닫이_film_gray_none_fabric_bar,assets/sku/diy-door-여닫이-필름그레이-민자-패브릭-일자형.png
4,여닫이,필름,그레이,가로통간살,투명,원형,여닫이_film_gray_horizontal_clear_circle,assets/sku/diy-door-여닫이-필름그레이-가로통간살-투명-원형.png
4,여닫이,필름,그레이,가로통간살,투명,일자형,여닫이_film_gray_horizontal_clear_bar,assets/sku/diy-door-여닫이-필름그레이-가로통간살-투명-일자형.png
4,여닫이,필름,그레이,가로통간살,브론즈,기본형,여닫이_film_gray_horizontal_bronze_none,assets/sku/diy-door-여닫이-필름그레이-가로통간살-브론즈-기본형.png
4,여닫이,필름,그레이,가로통간살,브론즈,원형,여닫이_film_gray_horizontal_bronze_circle,assets/sku/diy-door-여닫이-필름그레이-가로통간살-브론즈-원형.png
4,여닫이,필름,그레이,가로통간살,브론즈,일자형,여닫이_film_gray_horizontal_bronze_bar,assets/sku/diy-door-여닫이-필름그레이-가로통간살-브론즈-일자형.png
4,여닫이,필름,그레이,가로통간살,모루,기본형,여닫이_film_gray_horizontal_moru_none,assets/sku/diy-door-여닫이-필름그레이-가로통간살-모루-기본형.png
4,여닫이,필름,그레이,가로통간살,모루,원형,여닫이_film_gray_horizontal_moru_circle,assets/sku/diy-door-여닫이-필름그레이-가로통간살-모루-원형.png
4,여닫이,필름,그레이,가로통간살,모루,일자형,여닫이_film_gray_horizontal_moru_bar,assets/sku/diy-door-여닫이-필름그레이-가로통간살-모루-일자형.png
4,여닫이,필름,그레이,가로통간살,미스트,기본형,여닫이_film_gray_horizontal_mist_none,assets/sku/diy-door-여닫이-필름그레이-가로통간살-미스트-기본형.png
4,여닫이,필름,그레이,가로통간살,미스트,원형,여닫이_film_gray_horizontal_mist_circle,assets/sku/diy-door-여닫이-필름그레이-가로통간살-미스트-원형.png
4,여닫이,필름,그레이,가로통간살,미스트,일자형,여닫이_film_gray_horizontal_mist_bar,assets/sku/diy-door-여닫이-필름그레이-가로통간살-미스트-일자형.png
4,여닫이,필름,그레이,가로통간살,패브릭,기본형,여닫이_film_gray_horizontal_fabric_none,assets/sku/diy-door-여닫이-필름그레이-가로통간살-패브릭-기본형.png
4,여닫이,필름,그레이,가로통간살,패브릭,원형,여닫이_film_gray_horizontal_fabric_circle,assets/sku/diy-door-여닫이-필름그레이-가로통간살-패브릭-원형.png
4,여닫이,필름,그레이,가로통간살,패브릭,일자형,여닫이_film_gray_horizontal_fabric_bar,assets/sku/diy-door-여닫이-필름그레이-가로통간살-패브릭-일자형.png
4,여닫이,필름,그레이,세로통간살,투명,원형,여닫이_film_gray_vertical_clear_circle,assets/sku/diy-door-여닫이-필름그레이-세로통간살-투명-원형.png
4,여닫이,필름,그레이,세로통간살,투명,일자형,여닫이_film_gray_vertical_clear_bar,assets/sku/diy-door-여닫이-필름그레이-세로통간살-투명-일자형.png
4,여닫이,필름,그레이,세로통간살,브론즈,기본형,여닫이_film_gray_vertical_bronze_none,assets/sku/diy-door-여닫이-필름그레이-세로통간살-브론즈-기본형.png
4,여닫이,필름,그레이,세로통간살,브론즈,원형,여닫이_film_gray_vertical_bronze_circle,assets/sku/diy-door-여닫이-필름그레이-세로통간살-브론즈-원형.png
4,여닫이,필름,그레이,세로통간살,브론즈,일자형,여닫이_film_gray_vertical_bronze_bar,assets/sku/diy-door-여닫이-필름그레이-세로통간살-브론즈-일자형.png
4,여닫이,필름,그레이,세로통간살,모루,기본형,여닫이_film_gray_vertical_moru_none,assets/sku/diy-door-여닫이-필름그레이-세로통간살-모루-기본형.png
4,여닫이,필름,그레이,세로통간살,모루,원형,여닫이_film_gray_vertical_moru_circle,assets/sku/diy-door-여닫이-필름그레이-세로통간살-모루-원형.png
4,여닫이,필름,그레이,세로통간살,모루,일자형,여닫이_film_gray_vertical_moru_bar,assets/sku/diy-door-여닫이-필름그레이-세로통간살-모루-일자형.png
4,여닫이,필름,그레이,세로통간살,미스트,기본형,여닫이_film_gray_vertical_mist_none,assets/sku/diy-door-여닫이-필름그레이-세로통간살-미스트-기본형.png
4,여닫이,필름,그레이,세로통간살,미스트,원형,여닫이_film_gray_vertical_mist_circle,assets/sku/diy-door-여닫이-필름그레이-세로통간살-미스트-원형.png
4,여닫이,필름,그레이,세로통간살,미스트,일자형,여닫이_film_gray_vertical_mist_bar,assets/sku/diy-door-여닫이-필름그레이-세로통간살-미스트-일자형.png
4,여닫이,필름,그레이,세로통간살,패브릭,기본형,여닫이_film_gray_vertical_fabric_none,assets/sku/diy-door-여닫이-필름그레이-세로통간살-패브릭-기본형.png
4,여닫이,필름,그레이,세로통간살,패브릭,원형,여닫이_film_gray_vertical_fabric_circle,assets/sku/diy-door-여닫이-필름그레이-세로통간살-패브릭-원형.png
4,여닫이,필름,그레이,세로통간살,패브릭,일자형,여닫이_film_gray_vertical_fabric_bar,assets/sku/diy-door-여닫이-필름그레이-세로통간살-패브릭-일자형.png
4,여닫이,필름,그레이,아치형,투명,원형,여닫이_film_gray_arch_clear_circle,assets/sku/diy-door-여닫이-필름그레이-아치형-투명-원형.png
4,여닫이,필름,그레이,아치형,투명,일자형,여닫이_film_gray_arch_clear_bar,assets/sku/diy-door-여닫이-필름그레이-아치형-투명-일자형.png
4,여닫이,필름,그레이,아치형,브론즈,기본형,여닫이_film_gray_arch_bronze_none,assets/sku/diy-door-여닫이-필름그레이-아치형-브론즈-기본형.png
4,여닫이,필름,그레이,아치형,브론즈,원형,여닫이_film_gray_arch_bronze_circle,assets/sku/diy-door-여닫이-필름그레이-아치형-브론즈-원형.png
4,여닫이,필름,그레이,아치형,브론즈,일자형,여닫이_film_gray_arch_bronze_bar,assets/sku/diy-door-여닫이-필름그레이-아치형-브론즈-일자형.png
4,여닫이,필름,그레이,아치형,모루,기본형,여닫이_film_gray_arch_moru_none,assets/sku/diy-door-여닫이-필름그레이-아치형-모루-기본형.png
4,여닫이,필름,그레이,아치형,모루,원형,여닫이_film_gray_arch_moru_circle,assets/sku/diy-door-여닫이-필름그레이-아치형-모루-원형.png
4,여닫이,필름,그레이,아치형,모루,일자형,여닫이_film_gray_arch_moru_bar,assets/sku/diy-door-여닫이-필름그레이-아치형-모루-일자형.png
4,여닫이,필름,그레이,아치형,미스트,기본형,여닫이_film_gray_arch_mist_none,assets/sku/diy-door-여닫이-필름그레이-아치형-미스트-기본형.png
4,여닫이,필름,그레이,아치형,미스트,원형,여닫이_film_gray_arch_mist_circle,assets/sku/diy-door-여닫이-필름그레이-아치형-미스트-원형.png
4,여닫이,필름,그레이,아치형,미스트,일자형,여닫이_film_gray_arch_mist_bar,assets/sku/diy-door-여닫이-필름그레이-아치형-미스트-일자형.png
4,여닫이,필름,그레이,아치형,패브릭,기본형,여닫이_film_gray_arch_fabric_none,assets/sku/diy-door-여닫이-필름그레이-아치형-패브릭-기본형.png
4,여닫이,필름,그레이,아치형,패브릭,원형,여닫이_film_gray_arch_fabric_circle,assets/sku/diy-door-여닫이-필름그레이-아치형-패브릭-원형.png
4,여닫이,필름,그레이,아치형,패브릭,일자형,여닫이_film_gray_arch_fabric_bar,assets/sku/diy-door-여닫이-필름그레이-아치형-패브릭-일자형.png
4,여닫이,필름,블랙,민자,브론즈,원형,여닫이_film_black_none_bronze_circle,assets/sku/diy-door-여닫이-필름블랙-민자-브론즈-원형.png
4,여닫이,필름,블랙,민자,브론즈,일자형,여닫이_film_black_none_bronze_bar,assets/sku/diy-door-여닫이-필름블랙-민자-브론즈-일자형.png
4,여닫이,필름,블랙,민자,모루,원형,여닫이_film_black_none_moru_circle,assets/sku/diy-door-여닫이-필름블랙-민자-모루-원형.png
4,여닫이,필름,블랙,민자,모루,일자형,여닫이_film_black_none_moru_bar,assets/sku/diy-door-여닫이-필름블랙-민자-모루-일자형.png
4,여닫이,필름,블랙,민자,미스트,원형,여닫이_film_black_none_mist_circle,assets/sku/diy-door-여닫이-필름블랙-민자-미스트-원형.png
4,여닫이,필름,블랙,민자,미스트,일자형,여닫이_film_black_none_mist_bar,assets/sku/diy-door-여닫이-필름블랙-민자-미스트-일자형.png
4,여닫이,필름,블랙,민자,패브릭,원형,여닫이_film_black_none_fabric_circle,assets/sku/diy-door-여닫이-필름블랙-민자-패브릭-원형.png
4,여닫이,필름,블랙,민자,패브릭,일자형,여닫이_film_black_none_fabric_bar,assets/sku/diy-door-여닫이-필름블랙-민자-패브릭-일자형.png
4,여닫이,필름,블랙,가로통간살,투명,원형,여닫이_film_black_horizontal_clear_circle,assets/sku/diy-door-여닫이-필름블랙-가로통간살-투명-원형.png
4,여닫이,필름,블랙,가로통간살,투명,일자형,여닫이_film_black_horizontal_clear_bar,assets/sku/diy-door-여닫이-필름블랙-가로통간살-투명-일자형.png
4,여닫이,필름,블랙,가로통간살,브론즈,기본형,여닫이_film_black_horizontal_bronze_none,assets/sku/diy-door-여닫이-필름블랙-가로통간살-브론즈-기본형.png
4,여닫이,필름,블랙,가로통간살,브론즈,원형,여닫이_film_black_horizontal_bronze_circle,assets/sku/diy-door-여닫이-필름블랙-가로통간살-브론즈-원형.png
4,여닫이,필름,블랙,가로통간살,브론즈,일자형,여닫이_film_black_horizontal_bronze_bar,assets/sku/diy-door-여닫이-필름블랙-가로통간살-브론즈-일자형.png
4,여닫이,필름,블랙,가로통간살,모루,기본형,여닫이_film_black_horizontal_moru_none,assets/sku/diy-door-여닫이-필름블랙-가로통간살-모루-기본형.png
4,여닫이,필름,블랙,가로통간살,모루,원형,여닫이_film_black_horizontal_moru_circle,assets/sku/diy-door-여닫이-필름블랙-가로통간살-모루-원형.png
4,여닫이,필름,블랙,가로통간살,모루,일자형,여닫이_film_black_horizontal_moru_bar,assets/sku/diy-door-여닫이-필름블랙-가로통간살-모루-일자형.png
4,여닫이,필름,블랙,가로통간살,미스트,기본형,여닫이_film_black_horizontal_mist_none,assets/sku/diy-door-여닫이-필름블랙-가로통간살-미스트-기본형.png
4,여닫이,필름,블랙,가로통간살,미스트,원형,여닫이_film_black_horizontal_mist_circle,assets/sku/diy-door-여닫이-필름블랙-가로통간살-미스트-원형.png
4,여닫이,필름,블랙,가로통간살,미스트,일자형,여닫이_film_black_horizontal_mist_bar,assets/sku/diy-door-여닫이-필름블랙-가로통간살-미스트-일자형.png
4,여닫이,필름,블랙,가로통간살,패브릭,기본형,여닫이_film_black_horizontal_fabric_none,assets/sku/diy-door-여닫이-필름블랙-가로통간살-패브릭-기본형.png
4,여닫이,필름,블랙,가로통간살,패브릭,원형,여닫이_film_black_horizontal_fabric_circle,assets/sku/diy-door-여닫이-필름블랙-가로통간살-패브릭-원형.png
4,여닫이,필름,블랙,가로통간살,패브릭,일자형,여닫이_film_black_horizontal_fabric_bar,assets/sku/diy-door-여닫이-필름블랙-가로통간살-패브릭-일자형.png
4,여닫이,필름,블랙,세로통간살,투명,원형,여닫이_film_black_vertical_clear_circle,assets/sku/diy-door-여닫이-필름블랙-세로통간살-투명-원형.png
4,여닫이,필름,블랙,세로통간살,투명,일자형,여닫이_film_black_vertical_clear_bar,assets/sku/diy-door-여닫이-필름블랙-세로통간살-투명-일자형.png
4,여닫이,필름,블랙,세로통간살,브론즈,기본형,여닫이_film_black_vertical_bronze_none,assets/sku/diy-door-여닫이-필름블랙-세로통간살-브론즈-기본형.png
4,여닫이,필름,블랙,세로통간살,브론즈,원형,여닫이_film_black_vertical_bronze_circle,assets/sku/diy-door-여닫이-필름블랙-세로통간살-브론즈-원형.png
4,여닫이,필름,블랙,세로통간살,브론즈,일자형,여닫이_film_black_vertical_bronze_bar,assets/sku/diy-door-여닫이-필름블랙-세로통간살-브론즈-일자형.png
4,여닫이,필름,블랙,세로통간살,모루,기본형,여닫이_film_black_vertical_moru_none,assets/sku/diy-door-여닫이-필름블랙-세로통간살-모루-기본형.png
4,여닫이,필름,블랙,세로통간살,모루,원형,여닫이_film_black_vertical_moru_circle,assets/sku/diy-door-여닫이-필름블랙-세로통간살-모루-원형.png
4,여닫이,필름,블랙,세로통간살,모루,일자형,여닫이_film_black_vertical_moru_bar,assets/sku/diy-door-여닫이-필름블랙-세로통간살-모루-일자형.png
4,여닫이,필름,블랙,세로통간살,미스트,기본형,여닫이_film_black_vertical_mist_none,assets/sku/diy-door-여닫이-필름블랙-세로통간살-미스트-기본형.png
4,여닫이,필름,블랙,세로통간살,미스트,원형,여닫이_film_black_vertical_mist_circle,assets/sku/diy-door-여닫이-필름블랙-세로통간살-미스트-원형.png
4,여닫이,필름,블랙,세로통간살,미스트,일자형,여닫이_film_black_vertical_mist_bar,assets/sku/diy-door-여닫이-필름블랙-세로통간살-미스트-일자형.png
4,여닫이,필름,블랙,세로통간살,패브릭,기본형,여닫이_film_black_vertical_fabric_none,assets/sku/diy-door-여닫이-필름블랙-세로통간살-패브릭-기본형.png
4,여닫이,필름,블랙,세로통간살,패브릭,원형,여닫이_film_black_vertical_fabric_circle,assets/sku/diy-door-여닫이-필름블랙-세로통간살-패브릭-원형.png
4,여닫이,필름,블랙,세로통간살,패브릭,일자형,여닫이_film_black_vertical_fabric_bar,assets/sku/diy-door-여닫이-필름블랙-세로통간살-패브릭-일자형.png
4,여닫이,필름,블랙,아치형,투명,원형,여닫이_film_black_arch_clear_circle,assets/sku/diy-door-여닫이-필름블랙-아치형-투명-원형.png
4,여닫이,필름,블랙,아치형,투명,일자형,여닫이_film_black_arch_clear_bar,assets/sku/diy-door-여닫이-필름블랙-아치형-투명-일자형.png
4,여닫이,필름,블랙,아치형,브론즈,기본형,여닫이_film_black_arch_bronze_none,assets/sku/diy-door-여닫이-필름블랙-아치형-브론즈-기본형.png
4,여닫이,필름,블랙,아치형,브론즈,원형,여닫이_film_black_arch_bronze_circle,assets/sku/diy-door-여닫이-필름블랙-아치형-브론즈-원형.png
4,여닫이,필름,블랙,아치형,브론즈,일자형,여닫이_film_black_arch_bronze_bar,assets/sku/diy-door-여닫이-필름블랙-아치형-브론즈-일자형.png
4,여닫이,필름,블랙,아치형,모루,기본형,여닫이_film_black_arch_moru_none,assets/sku/diy-door-여닫이-필름블랙-아치형-모루-기본형.png
4,여닫이,필름,블랙,아치형,모루,원형,여닫이_film_black_arch_moru_circle,assets/sku/diy-door-여닫이-필름블랙-아치형-모루-원형.png
4,여닫이,필름,블랙,아치형,모루,일자형,여닫이_film_black_arch_moru_bar,assets/sku/diy-door-여닫이-필름블랙-아치형-모루-일자형.png
4,여닫이,필름,블랙,아치형,미스트,기본형,여닫이_film_black_arch_mist_none,assets/sku/diy-door-여닫이-필름블랙-아치형-미스트-기본형.png
4,여닫이,필름,블랙,아치형,미스트,원형,여닫이_film_black_arch_mist_circle,assets/sku/diy-door-여닫이-필름블랙-아치형-미스트-원형.png
4,여닫이,필름,블랙,아치형,미스트,일자형,여닫이_film_black_arch_mist_bar,assets/sku/diy-door-여닫이-필름블랙-아치형-미스트-일자형.png
4,여닫이,필름,블랙,아치형,패브릭,기본형,여닫이_film_black_arch_fabric_none,assets/sku/diy-door-여닫이-필름블랙-아치형-패브릭-기본형.png
4,여닫이,필름,블랙,아치형,패브릭,원형,여닫이_film_black_arch_fabric_circle,assets/sku/diy-door-여닫이-필름블랙-아치형-패브릭-원형.png
4,여닫이,필름,블랙,아치형,패브릭,일자형,여닫이_film_black_arch_fabric_bar,assets/sku/diy-door-여닫이-필름블랙-아치형-패브릭-일자형.png
